Id;IdTeam;AttackingStyles;BuildUp;AttackingArea;Positioning;SupportRange;NumbersInAttack;DefensiveStyles;ContainmentArea;Pressuring;DefensiveLine;Compactness;NumbersInDefense;NumStrategy;Value1;A
63168;5183;0;0;0;0;5;1;0;0;1;5;5;1;0;0;0
63169;5183;0;0;0;0;5;1;0;0;1;5;5;1;1;0;0
63170;5185;0;0;0;0;5;1;0;0;1;5;5;1;0;0;0
63171;5185;0;0;0;0;5;1;0;0;1;5;5;1;1;0;0
63172;191;1;1;1;1;3;2;0;1;0;8;3;0;0;54;0
63173;191;1;1;0;1;4;2;0;1;0;7;4;2;1;54;0
63174;177;0;0;0;0;8;1;0;0;0;7;7;0;0;16;0
63175;103;1;1;1;1;6;2;0;0;0;9;2;0;0;52;0
63176;103;1;1;1;1;7;2;0;0;0;8;3;0;1;52;0
63177;383;1;1;0;1;4;1;1;0;1;3;4;2;0;57;0
63178;383;1;1;0;1;5;1;1;0;1;2;5;2;1;41;0
63179;201;0;0;1;0;5;1;1;1;1;4;8;1;0;21;0
63180;201;0;0;1;0;6;1;1;1;1;3;9;1;1;21;0
63181;1974;1;1;0;1;4;2;0;0;0;8;6;0;0;50;0
63182;394;0;0;0;0;5;1;0;0;1;5;5;1;0;0;0
63183;394;0;0;0;0;5;1;0;0;1;5;5;1;1;0;0
63186;346;0;0;0;1;6;2;0;0;1;4;8;2;0;0;0
63187;256;1;0;1;0;9;1;1;1;0;3;3;2;0;55;0
63190;382;0;0;1;0;4;0;1;1;1;5;6;1;0;25;0
63191;251;1;1;0;1;5;1;0;0;1;7;2;1;0;52;0
63192;251;1;1;0;1;6;1;0;0;1;6;3;1;1;52;0
63193;338;0;1;0;1;6;2;0;0;1;4;8;2;0;0;0
63194;338;0;0;0;1;6;2;0;0;1;4;8;2;1;0;0
63195;349;0;0;0;1;6;1;1;0;0;6;6;2;0;53;0
63196;349;0;0;0;1;7;1;1;0;0;5;7;2;1;53;0
63197;382;0;0;1;0;5;0;1;1;1;4;7;1;1;25;0
63198;207;0;0;0;0;6;1;0;0;0;5;10;1;0;20;0
63199;102;1;1;1;1;2;2;0;0;0;7;6;0;0;48;0
63200;173;1;1;1;1;2;2;0;0;0;10;1;0;0;48;0
63201;179;1;1;1;0;5;1;1;1;1;3;6;1;1;48;0
63202;179;1;1;1;0;4;1;1;1;1;4;5;1;0;48;0
63203;327;1;1;0;1;2;2;0;0;0;10;2;0;0;57;0
63204;327;1;1;0;1;4;2;0;0;0;8;4;0;1;57;0
63205;1255;1;1;0;1;1;2;0;0;0;7;5;0;0;54;0
63206;101;1;1;1;1;3;1;1;1;0;7;2;1;0;36;0
63207;377;1;1;1;0;5;1;1;1;0;5;5;1;0;23;0
63208;377;1;1;1;0;6;1;1;1;0;4;6;1;1;23;0
63209;178;1;1;0;1;2;2;0;0;0;6;6;1;0;54;0
63210;178;1;1;0;1;3;2;0;0;0;5;7;1;1;54;0
63211;1327;1;1;1;1;6;2;1;1;0;2;3;0;0;32;0
63212;1327;1;1;1;1;7;2;1;1;0;1;4;0;1;39;0
63213;391;0;0;0;0;5;1;1;1;1;2;6;2;1;32;0
63214;391;0;0;0;0;4;1;1;1;1;3;5;2;0;32;0
63215;400;0;0;0;0;5;1;0;0;1;5;5;1;1;0;0
63216;400;0;0;0;0;5;1;0;0;1;5;5;1;0;0;0
63217;1247;0;1;1;0;5;1;0;1;0;5;7;1;0;0;0
63218;1247;0;1;1;0;6;1;0;1;0;4;7;1;1;0;0
63219;120;1;1;1;1;4;2;0;1;0;9;5;1;1;36;0
63220;120;1;1;1;1;2;2;0;1;0;10;3;1;0;52;0
63221;188;0;0;0;0;5;1;0;0;1;5;5;1;0;0;0
63222;177;0;0;0;0;9;1;0;0;0;6;8;0;1;16;0
63223;190;0;0;0;0;5;0;1;0;1;3;8;2;1;17;0
63224;190;0;0;0;0;5;0;1;0;1;3;6;2;0;33;0
63225;333;0;0;0;0;8;0;1;1;0;3;9;2;1;39;0
63226;333;0;0;0;0;7;0;1;1;0;5;8;2;0;39;0
63227;325;0;0;0;0;5;1;0;0;1;5;5;1;0;0;0
63228;325;0;0;0;0;5;1;0;0;1;5;5;1;1;0;0
63229;1363;1;1;0;1;2;2;0;0;0;8;3;0;0;1;0
63230;1363;1;1;0;1;3;2;0;0;0;7;4;0;1;1;0
63231;1919;1;1;1;1;1;1;0;0;0;4;4;1;0;34;0
63232;106;0;0;1;0;7;0;1;0;1;4;6;1;0;23;0
63233;17;0;1;1;1;4;1;0;0;0;8;1;1;0;39;0
63234;17;0;1;1;1;6;1;0;0;0;4;3;1;1;39;0
63235;15;1;1;1;1;3;1;1;1;0;7;3;0;0;39;0
63236;15;1;1;1;1;4;1;1;1;0;5;4;1;1;39;0
63237;266;0;0;0;0;5;0;1;0;1;3;3;1;0;39;0
63238;266;0;0;0;0;6;0;1;0;1;2;4;1;1;39;0
63240;16;1;0;0;1;6;1;0;1;0;7;2;2;0;33;0
63241;16;1;0;0;1;6;1;0;1;0;5;4;2;1;33;0
63242;18;1;1;0;1;2;1;1;1;1;8;8;1;0;33;0
63243;18;1;1;0;1;4;1;1;1;1;5;8;2;1;33;0
63244;116;1;1;0;1;1;2;0;0;0;9;7;0;0;54;0
63245;243;0;0;0;0;5;1;0;0;1;5;5;1;1;0;0
63246;2547;0;1;1;0;5;2;0;1;0;4;7;2;0;100;0
63247;3;0;0;0;0;5;1;0;1;1;7;6;1;0;20;0
63248;3;0;0;0;0;6;1;0;1;0;5;7;2;1;33;0
63249;4;0;0;0;0;5;0;1;1;0;5;8;1;0;25;0
63250;4;0;0;1;0;7;0;1;1;0;4;8;1;1;41;0
63251;196;1;1;1;1;4;1;1;1;0;8;5;0;0;21;0
63252;196;1;1;1;1;5;1;1;1;0;7;6;0;1;21;0
63253;173;1;1;1;1;3;2;0;0;0;9;2;0;1;48;0
63254;395;0;0;1;0;8;2;1;1;0;9;8;1;0;53;0
63255;395;0;0;1;0;8;2;1;1;0;9;9;1;1;55;0
63258;105;0;0;1;0;5;1;1;1;1;4;3;1;0;39;0
63259;105;0;0;1;0;6;1;1;1;1;3;4;1;1;39;0
63260;1921;1;1;1;0;5;2;1;1;1;1;5;1;0;32;0
63261;1974;1;1;1;1;5;2;0;1;0;7;5;0;1;50;0
63262;1;0;0;0;0;7;0;1;0;0;5;10;1;0;39;0
63263;1;0;0;0;0;8;0;1;0;0;4;10;2;1;23;0
63264;389;0;0;0;1;6;1;1;1;1;1;2;2;0;32;0
63265;389;0;0;0;1;7;1;1;1;1;1;4;2;1;32;0
63266;244;0;0;1;0;10;1;0;0;1;6;4;0;0;55;0
63267;244;0;0;1;0;10;0;0;0;1;4;6;1;1;55;0
63268;2;0;0;1;0;10;0;1;1;1;8;9;1;0;34;0
63269;2;0;0;1;0;10;0;1;1;0;6;10;2;1;34;0
63270;29;1;1;0;0;5;1;1;1;0;4;4;1;0;39;0
63271;242;1;1;1;1;4;2;0;0;0;8;2;0;0;105;0
63272;29;1;1;0;0;4;1;1;1;0;5;4;0;1;39;0
63273;242;1;1;1;1;5;2;0;0;0;7;3;1;1;105;0
63274;1589;0;0;0;0;5;1;0;0;1;5;5;1;0;0;0
63275;4077;0;0;0;0;5;1;0;0;1;5;5;1;0;0;0
63276;258;0;0;1;1;7;1;1;1;0;3;8;0;0;55;0
63277;258;0;0;1;1;8;1;1;1;0;2;9;0;1;55;0
63278;47;1;0;1;0;6;1;1;1;0;5;5;1;0;57;0
63279;1973;0;1;0;0;5;0;1;0;0;3;6;1;1;32;0
63280;1973;0;0;1;0;4;0;1;1;0;4;5;1;0;32;0
63281;1600;1;1;1;1;4;1;1;0;1;4;6;0;0;33;0
63282;1978;0;0;1;0;9;0;1;0;0;6;8;1;0;33;0
63283;4146;0;0;1;0;9;1;0;1;0;7;7;0;0;32;0
63284;4146;0;0;1;0;10;1;0;1;0;6;8;0;1;32;0
63285;10;1;1;0;1;2;1;0;1;0;7;3;1;0;48;0
63286;10;1;1;0;1;3;1;0;1;0;7;5;1;1;48;0
63287;399;1;1;1;1;4;2;0;0;0;8;3;1;0;53;0
63288;399;1;1;1;1;5;2;0;0;0;7;4;1;1;50;0
63289;2610;1;1;1;1;3;0;0;1;0;7;3;1;0;50;0
63290;175;0;0;1;0;8;1;1;1;1;3;7;2;0;16;0
63291;175;0;0;1;0;9;1;1;1;1;2;8;2;1;16;0
63292;100;1;1;1;1;2;2;1;1;0;7;1;0;0;39;0
63293;2615;0;1;1;0;6;0;1;0;1;8;2;1;0;32;0
63294;2615;0;1;1;0;7;0;1;0;1;7;3;1;1;32;0
63295;101;1;1;1;1;4;1;1;1;0;6;3;1;1;36;0
63296;398;0;0;1;0;7;1;0;1;1;7;7;1;0;51;0
63297;398;0;0;1;0;8;1;0;1;1;6;8;1;1;51;0
63300;174;1;1;1;1;2;2;1;1;0;4;6;1;0;105;0
63301;174;0;1;0;0;3;0;1;0;0;3;7;2;1;57;0
63302;1197;1;1;1;1;5;2;1;1;1;6;7;1;0;33;0
63303;1197;0;1;0;0;6;2;1;0;1;5;8;2;1;33;0
63304;4147;1;1;1;1;6;1;0;1;0;4;5;1;1;97;0
63305;4147;1;1;1;1;5;1;0;1;0;5;4;1;0;97;0
63306;117;1;1;1;1;3;2;0;0;0;6;6;1;0;57;0
63307;117;1;1;1;1;4;2;0;0;0;5;7;1;1;57;0
63308;250;0;0;0;0;3;0;1;0;1;1;3;1;0;23;0
63309;250;0;0;0;0;4;0;1;0;1;1;5;1;1;39;0
63310;118;1;1;0;1;2;2;0;1;1;8;5;1;0;48;0
63311;118;1;1;0;1;4;1;0;1;1;7;6;2;1;48;0
63312;1248;1;1;0;1;3;2;0;0;0;9;1;1;0;53;0
63313;1248;1;1;0;1;4;2;0;0;0;8;4;1;1;53;0
63314;1255;1;1;0;1;2;2;0;0;0;6;5;0;1;54;0
63320;331;1;1;0;0;3;0;1;0;0;4;4;2;1;0;0
63321;331;0;0;0;1;6;2;0;1;1;7;7;0;0;0;0
63326;245;1;0;1;1;6;1;1;1;1;5;8;1;0;23;0
63327;245;1;0;1;1;7;1;1;1;1;4;9;1;1;23;0
63328;116;1;1;0;1;2;2;0;0;0;8;8;1;1;54;0
63329;1976;0;0;1;0;7;0;1;1;1;2;7;1;0;33;0
63330;1976;0;1;1;0;8;0;0;1;0;1;8;2;1;33;0
63331;1981;0;0;0;0;5;1;0;0;1;5;5;1;0;0;0
63332;1981;0;0;0;0;5;1;0;0;1;5;5;1;1;0;0
63333;2387;0;0;1;0;8;1;1;1;1;4;8;0;0;33;0
63334;2387;0;0;0;0;9;1;1;1;0;3;9;2;1;32;0
63335;216;0;1;0;1;5;1;1;0;1;4;7;2;1;7;0
63336;216;0;1;0;1;4;1;1;1;1;5;6;1;0;0;0
63337;414;1;1;1;1;7;1;1;0;1;4;6;1;1;17;0
63338;414;1;1;1;1;6;1;1;0;1;5;5;1;0;17;0
63339;209;1;0;0;1;7;1;0;1;0;3;6;0;0;39;0
63340;209;1;0;0;1;8;1;0;1;0;2;7;0;1;39;0
63341;405;0;0;0;0;8;1;1;1;0;6;7;2;0;23;0
63342;405;0;0;0;0;9;1;1;1;0;5;8;2;1;23;0
63343;420;1;1;0;0;6;1;0;0;1;5;5;1;0;7;0
63344;420;1;1;0;0;7;1;0;0;1;4;6;2;1;98;0
63351;1328;0;0;1;0;6;0;1;0;1;2;9;2;0;17;0
63352;1328;0;0;1;0;7;0;1;0;1;1;10;2;1;17;0
63353;416;1;1;1;0;6;0;1;1;1;3;7;2;0;17;0
63354;416;1;1;1;0;7;0;1;1;1;2;8;2;1;17;0
63355;195;1;1;1;1;4;0;1;0;1;3;5;1;1;49;0
63356;195;1;1;1;1;3;0;1;0;1;4;4;1;0;49;0
63357;1249;1;1;0;0;3;1;1;0;0;4;3;1;0;0;0
63358;1249;1;1;0;1;4;1;1;0;0;3;4;1;1;0;0
63359;1246;0;0;1;0;6;1;0;1;1;7;5;2;0;0;0
63360;1246;0;0;1;0;6;1;0;1;1;7;5;2;1;32;0
63361;1921;1;1;1;0;6;2;1;1;1;1;6;1;1;32;0
63364;370;1;1;0;1;6;2;0;0;0;6;10;0;1;1;0
63365;370;1;1;0;1;5;2;0;0;0;7;9;0;0;1;0
63366;1254;0;0;0;0;9;1;1;1;0;5;7;1;0;1;0
63367;1254;0;0;0;0;10;1;1;1;0;4;8;1;1;1;0
63368;5;1;1;0;1;2;2;1;1;0;9;4;0;0;57;0
63369;5;1;1;0;1;4;2;1;1;0;8;4;1;1;57;0
63370;52;1;1;0;1;4;2;0;1;0;6;6;1;0;33;0
63371;208;0;0;0;1;8;1;1;0;1;2;4;1;0;16;0
63372;106;0;0;1;0;8;0;1;0;1;3;7;1;1;23;0
63373;252;0;0;1;1;7;1;0;1;0;5;8;1;0;55;0
63374;252;0;0;1;1;8;1;0;1;0;4;9;1;1;39;0
63375;2383;0;0;0;1;7;2;0;1;1;2;7;2;1;0;0
63376;2383;1;1;1;0;4;2;1;0;0;4;8;2;0;0;0
63377;42;0;0;1;0;7;0;1;1;0;10;6;2;0;39;0
63378;42;0;0;1;0;7;0;1;1;0;5;6;2;1;39;0
63379;43;0;1;0;0;3;1;1;1;0;5;6;1;0;20;0
63380;43;0;1;0;0;5;1;1;1;0;3;6;2;1;20;0
63381;2388;0;1;1;0;6;1;1;1;1;1;4;2;0;32;0
63382;2388;0;1;0;1;7;0;1;1;0;1;5;2;1;32;0
63383;4145;0;0;1;0;8;1;1;1;1;4;7;1;1;39;0
63384;4145;0;0;1;0;7;1;1;1;1;5;6;1;0;39;0
63385;137;1;0;1;0;10;1;1;1;0;3;10;1;0;0;0
63386;137;1;0;1;0;10;1;1;1;0;2;10;1;1;0;0
63387;1170;1;1;0;1;4;1;1;1;1;7;4;1;1;39;0
63388;1170;1;1;0;1;2;1;1;1;1;9;4;1;0;39;0
63389;24;1;1;0;1;2;1;1;1;0;6;8;0;1;25;0
63390;24;1;1;0;1;3;1;1;1;0;5;8;1;0;25;0
63391;124;1;0;0;0;5;1;1;1;1;4;7;0;0;50;0
63392;323;1;0;0;0;4;1;0;1;0;3;5;2;0;17;0
63393;4108;0;0;0;0;8;1;1;1;1;3;5;2;0;39;0
63394;4108;0;0;0;0;9;1;1;1;1;2;6;2;1;39;0
63395;336;0;0;0;0;6;1;1;1;0;6;9;2;0;103;0
63398;346;0;0;0;1;6;2;0;0;1;4;8;2;1;0;0
63399;1932;0;0;0;0;5;1;0;0;1;5;5;1;0;0;0
63400;1932;0;0;0;0;5;1;0;0;1;5;5;1;1;0;0
63401;4071;0;1;0;0;4;0;1;1;1;5;4;2;0;55;0
63402;4071;0;1;0;0;5;0;1;1;1;4;5;2;1;55;0
63403;255;0;0;0;0;8;1;1;1;0;7;7;2;0;20;0
63404;255;0;0;0;0;9;1;1;1;0;5;8;2;1;20;0
63407;192;1;1;0;1;5;2;0;1;0;9;5;0;0;49;0
63408;192;0;0;1;1;6;1;0;1;0;8;6;1;1;49;0
63409;193;1;1;1;1;3;2;0;0;0;7;6;0;0;54;0
63410;193;1;1;0;1;4;2;0;1;0;6;7;1;1;54;0
63411;1944;0;0;0;0;5;1;0;0;1;5;5;1;0;0;0
63412;1944;0;0;0;0;5;1;0;0;1;5;5;1;1;0;0
63415;1979;0;0;0;0;5;1;0;0;1;5;5;1;0;0;0
63416;1818;1;1;1;1;4;1;0;0;1;5;4;1;0;33;0
63417;1818;1;1;1;1;5;1;0;0;1;4;5;1;1;33;0
63418;55;0;0;1;1;7;2;1;0;0;7;2;0;0;25;0
63419;55;0;0;1;1;7;1;1;0;0;5;3;1;1;25;0
63424;204;1;1;0;1;3;2;1;1;0;6;3;0;0;52;0
63425;8;1;1;0;1;1;2;0;1;0;7;5;0;0;53;0
63426;8;1;1;0;1;3;2;0;1;1;7;7;0;1;53;0
63429;1927;0;0;0;0;7;1;1;0;0;5;6;1;0;2;0
63430;1927;0;0;0;0;8;1;1;0;0;4;7;1;1;18;0
63434;39;1;1;0;1;3;2;0;1;1;9;8;0;0;39;0
63435;39;1;1;0;1;4;2;0;1;1;7;8;1;1;39;0
63436;133;1;1;0;1;5;1;1;1;1;5;6;1;1;23;0
63437;51;0;0;1;0;8;1;0;1;0;7;3;1;0;39;0
63438;51;0;0;1;0;8;1;0;1;0;4;3;2;1;39;0
63439;44;0;0;0;0;7;1;0;1;0;5;6;0;0;39;0
63440;44;0;0;0;0;7;1;0;1;0;4;6;1;1;39;0
63441;49;0;0;1;1;8;2;1;1;0;9;7;0;0;52;0
63442;49;0;0;1;1;8;2;1;1;0;7;7;1;1;52;0
63443;4193;0;0;0;0;5;1;0;0;1;5;5;1;1;0;0
63444;1550;1;1;1;1;3;1;1;1;0;6;10;2;0;23;0
63445;1550;1;1;1;1;4;1;1;1;0;4;10;2;1;23;0
63446;264;0;0;0;0;5;1;0;0;1;5;5;1;0;0;0
63447;264;0;0;0;0;5;1;0;0;1;5;5;1;1;0;0
63448;219;0;0;0;0;8;0;1;1;1;5;7;1;0;36;0
63449;219;0;0;0;0;9;0;1;1;1;4;8;1;1;36;0
63450;19;0;1;0;0;4;1;1;1;0;5;10;0;0;23;0
63451;19;0;1;0;0;5;1;1;1;0;4;10;1;1;23;0
63452;1113;0;0;0;0;6;0;1;0;1;7;2;2;0;39;0
63453;1113;0;0;0;0;6;0;1;0;1;4;2;2;1;39;0
63454;53;1;1;0;0;3;1;0;0;0;7;5;0;0;18;0
63455;52;1;1;0;1;4;1;0;1;0;5;7;1;1;33;0
63460;310;0;0;0;0;5;1;0;0;1;5;5;1;1;0;0
63461;310;0;0;0;0;5;1;0;0;1;5;5;1;0;0;0
63462;46;0;1;1;0;5;1;1;0;0;8;5;2;0;39;0
63463;46;0;1;1;0;6;0;1;0;0;5;6;2;1;39;0
63464;289;0;0;0;0;5;1;0;0;1;5;5;1;0;0;0
63465;289;0;0;0;0;5;1;0;0;1;5;5;1;1;0;0
63466;295;0;0;0;0;5;1;0;0;1;5;5;1;0;0;0
63467;295;0;0;0;0;5;1;0;0;1;5;5;1;1;0;0
63468;4168;0;0;0;0;5;1;0;0;1;5;5;1;0;0;0
63469;4168;0;0;0;0;5;1;0;0;1;5;5;1;1;0;0
63470;1493;1;1;1;1;7;2;0;0;0;9;4;1;1;55;0
63471;1493;1;1;0;1;6;2;0;0;0;10;3;0;0;55;0
63472;1015;0;1;0;1;5;2;1;1;0;5;8;0;0;23;0
63473;1015;0;1;0;1;5;1;1;1;0;3;8;2;1;23;0
63474;1184;1;1;0;0;6;1;0;0;1;4;4;2;1;33;0
63475;1184;1;1;0;0;5;1;0;0;1;5;3;1;0;33;0
63476;1031;0;0;0;0;6;0;1;0;1;3;9;2;0;36;0
63477;1031;0;0;0;0;6;0;1;0;1;2;9;2;1;36;0
63478;1022;0;0;0;0;7;0;1;0;1;5;5;2;1;36;0
63479;1022;0;0;0;0;7;1;1;0;1;8;5;1;0;36;0
63482;53;1;1;0;0;4;1;0;0;0;6;6;1;1;18;0
63483;37;0;0;1;0;7;0;0;1;0;3;8;1;0;17;0
63484;37;0;0;1;0;7;0;0;1;0;2;8;2;1;17;0
63487;48;0;0;1;0;7;1;0;0;0;6;1;1;0;39;0
63488;48;0;0;1;0;7;1;0;0;0;4;1;2;1;39;0
63491;198;1;0;0;1;4;0;1;0;1;5;6;1;0;32;0
63492;198;1;0;0;1;6;0;1;0;1;4;8;1;1;32;0
63493;26;0;0;1;0;6;1;1;0;1;3;7;2;0;33;0
63494;26;0;0;1;0;5;1;1;0;1;4;7;1;1;33;0
63495;23;0;0;0;0;7;1;1;1;0;4;9;2;0;39;0
63496;23;0;0;0;0;6;1;1;1;0;5;9;1;1;39;0
63497;1128;0;0;1;0;6;0;0;0;1;1;6;2;0;2;0
63498;1128;0;0;1;0;7;0;0;0;1;1;6;2;1;2;0
63499;1129;0;1;0;0;5;1;0;1;1;4;5;1;0;55;0
63500;1129;0;1;0;0;6;1;0;1;1;3;5;2;1;55;0
63501;1217;1;1;1;1;5;1;0;0;1;8;9;1;0;49;0
63502;1217;1;1;1;1;6;1;0;0;1;7;10;1;1;49;0
63503;1218;1;1;1;1;6;2;0;1;1;7;7;1;0;55;0
63504;1218;1;1;1;1;7;2;0;1;1;6;8;1;1;55;0
63505;1228;1;1;1;0;3;1;1;1;1;4;7;2;0;32;0
63506;1228;1;1;1;0;4;1;1;1;1;3;8;2;1;0;0
63507;114;1;1;1;1;1;2;0;1;0;10;1;0;0;52;0
63508;114;1;1;1;1;2;2;0;1;0;8;2;0;1;52;0
63509;20;0;1;1;0;4;0;1;1;0;6;9;1;0;32;0
63510;20;0;1;1;0;5;0;1;1;0;4;9;2;1;32;0
63511;41;1;0;1;1;5;2;1;0;1;6;5;0;0;25;0
63512;41;1;0;1;1;6;1;1;0;1;3;5;2;1;25;0
63513;115;1;1;1;0;4;1;1;0;0;7;7;2;0;39;0
63514;115;1;1;1;0;5;1;1;0;0;6;8;2;1;39;0
63515;387;0;0;0;0;7;0;0;0;1;7;7;2;0;23;0
63516;387;0;0;0;0;8;0;0;0;1;6;8;2;1;23;0
63519;215;0;0;0;0;8;1;0;0;0;5;7;1;0;7;0
63520;1058;0;0;1;0;6;1;1;1;0;5;9;1;0;50;0
63521;1058;0;0;1;0;6;1;1;1;0;4;9;1;1;50;0
63522;1040;0;0;1;0;8;1;0;0;0;4;7;2;0;33;0
63523;1040;0;0;1;0;8;1;0;0;0;3;7;2;1;33;0
63524;36;1;1;0;0;5;1;1;0;0;7;8;1;0;17;0
63525;36;1;1;0;0;6;1;1;0;0;5;8;1;1;17;0
63526;203;0;0;0;0;5;1;0;0;1;5;5;1;1;0;0
63527;203;0;0;0;0;5;1;0;0;1;5;5;1;0;0;0
63528;379;0;0;1;0;9;2;0;0;0;10;10;1;0;23;0
63529;379;1;0;1;0;10;1;0;0;0;7;10;2;1;23;0
63530;4180;1;1;1;1;3;2;0;1;1;4;2;0;0;0;0
63531;4180;1;1;1;1;4;2;0;1;1;3;4;0;1;0;0
63532;208;0;0;0;1;9;1;1;0;1;1;5;1;1;16;0
63533;4193;0;0;0;0;5;1;0;0;1;5;5;1;0;0;0
63534;33;0;1;1;1;4;1;0;1;0;4;9;2;0;17;0
63535;33;0;1;1;1;5;1;0;1;0;3;9;2;1;17;0
63536;1083;0;0;1;0;9;0;0;1;1;2;10;2;0;33;0
63537;1083;0;0;1;0;9;0;0;1;1;2;9;2;1;33;0
63538;1051;0;0;1;1;7;1;0;0;0;7;9;2;0;49;0
63539;1051;0;0;1;1;7;1;0;0;0;5;9;2;1;49;0
63540;38;0;1;0;1;4;2;0;1;0;4;9;1;0;41;0
63541;38;0;1;0;1;5;1;0;1;0;3;9;1;1;41;0
63542;12;1;1;1;1;2;2;0;1;0;9;4;1;0;97;0
63543;139;1;1;1;0;4;2;1;1;0;5;8;2;0;0;0
63544;139;0;1;1;0;5;2;1;1;0;3;8;2;1;0;0
63545;123;0;0;1;0;9;0;1;0;1;1;7;2;0;23;0
63546;123;0;0;1;0;9;0;1;0;1;1;8;2;1;23;0
63550;210;0;1;1;0;6;1;0;0;0;7;7;1;0;0;0
63551;210;0;0;1;0;3;0;1;0;0;5;5;2;1;0;0
63554;1528;1;0;0;1;8;1;1;1;1;1;4;2;0;39;0
63555;1528;1;0;0;1;9;1;1;1;1;1;5;2;1;39;0
63556;182;1;1;1;0;7;2;1;0;1;6;9;0;0;17;0
63557;182;1;1;1;0;8;2;1;0;1;4;10;0;1;17;0
63558;187;0;0;0;0;4;0;1;1;1;2;4;2;0;39;0
63559;187;0;0;0;0;5;0;1;1;1;1;7;2;1;34;0
63561;1329;0;0;0;0;8;0;0;1;1;3;6;1;0;39;0
63562;1329;0;0;0;0;9;0;0;1;1;2;7;1;1;39;0
63565;2523;0;0;0;0;5;1;0;0;1;5;5;1;0;0;0
63566;268;1;1;1;1;5;2;1;1;1;7;3;1;1;16;0
63567;45;1;1;0;1;1;2;0;1;0;9;2;0;0;20;0
63568;122;1;1;1;1;3;2;0;1;1;5;6;1;0;55;0
63569;1245;1;1;1;0;6;2;0;0;0;10;7;0;0;4;0
63570;274;1;1;1;0;5;1;0;0;0;6;7;1;0;48;0
63571;1252;1;0;0;0;8;1;0;0;0;7;10;1;0;96;0
63572;1250;1;1;0;1;1;2;0;0;1;7;3;1;0;6;0
63573;1936;0;0;1;0;4;1;1;1;1;4;5;2;0;0;0
63574;1930;1;1;1;0;9;0;0;1;0;9;4;1;0;49;0
63575;1933;0;0;1;0;7;0;1;1;1;1;9;2;0;32;0
63576;2453;0;1;0;0;3;1;1;1;1;3;5;1;0;36;0
63577;1937;0;0;1;0;7;1;1;0;1;5;7;1;0;17;0
63578;1931;0;0;1;0;6;0;1;1;1;4;6;2;0;0;0
63579;136;0;0;1;0;5;0;1;1;1;6;5;2;0;4;0
63580;30;1;1;1;0;4;1;1;0;1;5;3;2;0;25;0
63581;30;1;1;1;0;3;1;1;0;1;6;3;1;1;25;0
63582;1240;1;1;1;1;2;1;1;0;0;4;5;1;0;6;0
63583;1929;1;1;1;1;4;1;0;0;0;5;2;1;0;9;0
63584;1241;1;1;0;0;5;1;0;0;0;5;5;0;0;0;0
63587;1237;1;1;1;1;5;1;0;0;0;7;1;1;0;55;0
63588;138;1;1;1;1;4;2;0;0;0;8;7;1;0;53;0
63589;1242;1;1;1;0;6;1;1;0;1;5;7;2;0;7;0
63590;1243;1;1;0;0;3;1;1;1;1;4;3;1;0;32;0
63592;1244;1;1;0;1;4;1;1;1;0;3;1;1;0;36;0
63593;2722;1;1;1;0;5;2;1;1;0;3;4;1;0;5;0
63594;50;1;1;1;1;4;1;1;1;0;5;6;1;0;0;0
63595;1929;1;1;1;1;5;1;0;0;0;4;3;1;1;9;0
63596;2393;0;0;1;0;7;1;0;1;0;4;10;1;0;39;0
63598;2187;1;1;1;1;6;2;0;0;0;7;3;1;0;23;0
63599;111;0;0;0;0;5;1;0;0;1;5;5;1;0;0;0
63600;363;0;1;0;0;5;0;1;1;0;4;7;1;0;17;0
63601;108;1;1;1;1;1;2;0;1;0;10;1;0;0;54;0
63602;110;1;1;1;1;5;1;1;1;1;7;5;1;0;20;0
63603;366;0;0;1;0;5;1;1;0;1;3;4;1;0;17;0
63604;263;0;1;0;0;3;1;1;0;0;4;7;1;0;20;0
63605;361;1;1;1;0;6;1;1;0;1;7;3;1;0;39;0
63606;1595;0;0;0;0;7;1;0;1;1;5;7;0;0;33;0
63607;2393;0;0;1;0;8;1;0;1;0;3;10;1;1;39;0
63609;2187;1;1;1;1;7;2;0;0;0;6;4;1;1;23;0
63610;111;0;0;0;0;5;1;0;0;1;5;5;1;1;0;0
63611;1241;1;1;0;0;6;1;0;0;0;4;6;0;1;0;0
63612;363;0;1;0;0;6;0;1;1;0;3;8;1;1;17;0
63613;108;1;1;1;1;2;2;0;1;0;9;2;0;1;54;0
63614;110;1;1;1;1;4;1;1;1;1;6;5;1;1;20;0
63615;366;0;0;1;0;6;1;1;0;1;2;5;1;1;17;0
63616;263;0;1;0;0;3;1;1;0;0;3;8;1;1;20;0
63618;361;1;1;1;0;7;1;1;0;1;6;4;1;1;39;0
63619;1595;0;0;0;0;8;1;0;1;1;4;8;0;1;33;0
63621;1237;1;1;1;1;6;1;0;0;0;6;2;1;1;48;0
63622;138;1;1;1;1;5;2;0;0;0;7;8;1;1;48;0
63623;1242;1;1;1;0;7;1;1;0;1;4;8;2;1;1;0
63624;2523;0;0;0;0;5;1;0;0;1;5;5;1;1;0;0
63625;1243;1;1;0;1;4;1;1;1;1;3;4;1;1;32;0
63626;268;1;1;1;1;4;2;1;1;1;8;2;1;0;16;0
63629;1244;1;1;0;1;5;1;1;1;0;2;2;1;1;36;0
63630;364;1;1;0;0;3;1;0;1;0;10;5;0;0;37;0
63631;364;1;1;0;0;4;1;1;1;0;9;6;0;1;37;0
63632;368;0;0;0;0;5;1;0;0;1;5;5;1;0;0;0
63633;368;0;0;0;0;5;1;0;0;1;5;5;1;1;0;0
63634;259;0;1;0;0;5;1;0;0;0;3;6;1;0;17;0
63635;259;0;1;0;0;5;1;0;0;0;3;7;1;1;17;0
63636;260;1;1;1;1;9;1;0;0;1;7;5;1;1;41;0
63637;218;0;1;1;0;6;1;1;0;0;3;6;2;0;17;0
63638;267;1;1;1;1;5;2;1;0;1;5;4;2;0;21;0
63639;260;1;1;1;1;8;1;0;0;1;8;4;1;0;41;0
63640;218;0;0;1;0;7;1;1;0;0;2;7;2;1;17;0
63641;31;1;1;0;1;3;2;0;1;0;8;6;0;0;39;0
63642;1765;0;0;0;0;7;0;1;0;0;8;5;2;0;23;0
63643;1765;0;0;0;0;8;0;1;0;0;7;6;2;1;23;0
63644;362;0;0;0;0;9;1;0;1;0;8;10;0;0;23;0
63645;362;0;0;0;0;10;1;0;1;0;7;10;0;1;23;0
63648;31;1;1;0;1;4;2;0;1;0;6;6;1;1;39;0
63649;213;1;1;1;0;5;2;0;1;0;8;5;0;0;49;0
63650;213;1;1;1;0;6;2;0;1;0;6;6;0;1;49;0
63651;2191;1;1;1;1;5;2;0;0;0;3;3;1;1;0;0
63652;2191;1;1;1;1;4;2;0;0;0;4;2;1;0;0;0
63653;2546;1;1;0;1;4;2;0;1;0;5;9;0;1;6;0
63654;2546;1;1;0;1;3;2;0;1;0;6;8;0;0;6;0
63655;2209;0;1;0;0;2;2;1;0;1;2;4;0;1;0;0
63656;2209;0;1;0;0;1;2;1;0;1;3;3;0;0;0;0
63657;2551;0;0;0;0;4;2;1;1;1;3;6;0;0;17;0
63658;2551;0;0;0;0;5;2;1;1;1;2;7;0;1;16;0
63659;2722;1;1;1;0;6;2;1;1;0;2;5;1;1;37;0
63660;1240;1;1;1;1;3;1;1;0;0;3;6;1;1;38;0
63661;50;1;1;1;1;4;1;1;1;0;5;6;1;1;0;0
63662;1910;0;0;0;0;8;0;1;0;1;6;7;1;0;37;0
63663;1910;0;0;0;0;9;0;1;0;1;5;8;1;1;37;0
63668;273;1;1;1;1;4;1;0;1;0;7;8;0;0;39;0
63669;273;1;1;1;1;5;1;0;1;0;6;9;0;1;55;0
63673;9;1;1;0;1;1;2;0;1;0;8;6;0;0;55;0
63674;9;1;1;0;1;2;2;0;1;0;8;7;1;1;55;0
63675;4234;0;0;0;0;5;2;0;0;1;6;3;1;0;39;0
63676;4234;0;0;0;0;6;2;0;0;1;4;5;1;1;39;0
63677;186;1;0;0;0;4;1;1;0;0;8;7;1;0;49;0
63678;186;1;0;0;0;5;1;1;0;0;7;8;1;1;49;0
63679;4323;0;0;1;0;8;0;1;1;0;4;5;1;0;39;0
63680;4323;0;0;1;0;9;0;1;1;0;3;6;2;1;39;0
63681;265;1;1;0;1;5;2;0;0;0;2;6;0;0;49;0
63682;265;1;1;0;1;6;2;0;0;0;1;7;0;1;49;0
63683;109;1;1;0;1;3;2;0;1;0;8;3;0;0;20;0
63684;109;1;1;0;1;4;2;0;1;0;7;4;0;1;20;0
63685;357;0;1;0;0;6;2;1;1;1;7;5;1;0;33;0
63686;357;0;1;0;0;7;2;1;1;1;6;6;1;1;33;0
63687;7;1;1;0;1;1;2;0;1;0;10;8;1;0;54;0
63688;7;1;1;0;1;1;2;0;1;1;9;7;1;1;54;0
63693;194;1;1;1;1;4;1;1;1;1;8;3;2;0;54;0
63694;194;1;1;1;1;5;1;1;1;1;7;4;2;1;54;0
63695;1589;0;0;0;0;5;1;0;0;1;5;5;1;1;0;0
63696;261;0;1;1;0;4;1;1;1;1;4;4;1;0;23;0
63697;261;0;1;1;0;5;1;1;1;1;3;5;1;1;23;0
63698;4302;0;0;0;0;5;1;0;0;1;5;5;1;0;0;0
63699;4302;0;0;0;0;5;1;0;0;1;5;5;1;1;0;0
63700;4272;0;0;0;0;6;0;0;0;1;5;8;1;0;39;0
63701;4272;0;0;0;0;7;0;0;0;1;4;9;1;1;39;0
63702;1067;0;1;1;0;4;0;0;0;0;4;7;1;0;41;0
63703;35;1;1;1;1;5;1;0;1;0;5;9;1;0;52;0
63704;35;1;1;1;1;5;1;0;1;0;4;9;1;1;52;0
63705;1804;1;1;0;1;6;2;0;1;0;7;3;0;1;50;0
63706;1804;1;1;0;1;5;2;0;0;0;8;2;0;0;50;0
63707;6;1;1;0;1;2;2;0;1;0;6;4;1;0;55;0
63708;6;0;1;0;1;4;1;0;1;0;5;6;1;1;55;0
63709;127;1;1;1;1;4;2;0;1;0;9;3;0;0;48;0
63710;127;1;1;1;1;5;2;0;1;0;8;4;0;1;48;0
63711;184;0;0;0;0;5;1;0;0;1;5;5;1;0;0;0
63712;184;0;0;0;0;5;1;0;0;1;5;5;1;1;0;0
63713;128;1;1;1;1;3;1;1;0;0;6;7;0;0;48;0
63714;128;1;1;1;1;4;1;1;0;0;5;8;0;1;48;0
63715;14;1;1;1;1;1;2;0;1;1;6;6;1;0;53;0
63716;14;1;1;1;1;2;2;0;1;1;5;6;1;1;53;0
63717;11;1;1;0;1;5;2;0;1;0;6;9;1;1;20;0
63718;11;1;1;0;1;3;2;0;1;0;7;9;0;0;20;0
63719;21;0;1;0;1;5;1;0;1;0;6;10;1;0;36;0
63720;21;0;1;0;1;4;2;0;1;0;7;10;1;1;36;0
63725;47;1;0;1;0;6;1;1;1;0;5;6;1;1;57;0
63731;2547;0;1;1;0;5;2;0;1;0;4;7;2;1;100;0
63732;2192;0;0;1;0;8;1;1;1;1;2;6;2;0;32;0
63733;2192;0;0;1;0;9;1;1;1;1;1;7;2;1;0;0
63734;121;1;1;0;0;3;1;0;0;0;9;6;1;0;52;0
63735;121;1;1;0;0;6;1;0;0;0;7;7;1;1;52;0
63738;388;1;1;1;1;2;1;1;0;0;3;4;2;0;20;0
63739;388;1;1;1;1;3;1;1;0;0;2;5;2;1;20;0
63740;1044;0;0;0;0;6;0;1;1;0;2;6;1;0;39;0
63741;1044;0;0;0;0;7;0;1;1;0;2;6;2;1;39;0
63744;2553;1;1;1;0;2;1;1;1;1;5;5;2;0;16;0
63745;2553;1;1;1;0;3;1;1;1;1;4;6;2;1;0;0
63746;1067;0;1;1;0;5;0;0;0;0;3;7;1;1;41;0
63747;125;1;1;0;1;8;2;0;1;1;7;3;0;0;55;0
63748;1256;1;0;1;0;5;1;1;0;1;7;6;1;0;0;0
63749;1256;1;0;1;0;6;1;1;0;1;6;7;1;1;0;0
63750;240;0;0;0;0;6;1;0;0;1;7;5;0;0;52;0
63751;125;1;1;0;1;8;2;0;1;1;6;5;1;1;39;0
63752;240;0;0;0;0;7;1;0;0;1;5;7;1;1;52;0
63753;2208;1;0;1;1;5;1;0;1;1;6;6;2;0;0;0
63754;2208;1;0;1;1;6;1;0;1;1;5;7;2;1;0;0
63755;2545;0;0;0;0;9;1;1;1;0;6;5;0;0;1;0
63756;2545;0;0;0;0;10;1;1;1;0;5;6;0;1;1;0
63757;2699;0;1;0;0;4;2;1;0;1;4;4;2;0;0;0
63758;2699;0;1;0;0;4;2;1;0;1;4;4;2;1;0;0
63759;2541;0;0;1;0;10;1;1;1;0;4;1;1;0;0;0
63760;2541;0;0;1;0;10;1;1;1;0;3;2;2;1;0;0
63761;2543;0;0;1;0;5;0;1;1;1;1;3;2;0;32;0
63762;2543;0;0;1;0;6;0;1;1;1;1;4;2;1;16;0
63767;234;1;1;0;1;3;2;0;0;0;9;8;1;0;55;0
63768;234;1;1;0;1;4;2;0;0;0;9;8;1;1;55;0
63771;320;0;0;0;0;7;0;1;0;1;4;6;2;0;39;0
63772;320;0;0;0;0;8;0;1;0;1;3;7;2;1;39;0
63773;119;1;1;0;0;4;2;0;0;0;8;6;1;0;41;0
63774;119;1;1;0;0;5;1;0;0;0;6;7;1;1;41;0
63775;328;0;0;0;0;5;1;0;0;1;5;5;1;0;0;0
63776;328;0;0;0;0;5;1;0;0;1;5;5;1;1;0;0
63777;217;0;1;1;1;7;1;0;0;1;4;7;2;1;0;0
63778;217;1;1;1;1;4;1;0;1;1;7;5;1;0;96;0
63781;215;0;0;0;0;8;1;0;0;0;4;8;1;1;7;0
63782;1330;0;0;0;1;8;1;1;1;1;4;5;1;0;17;0
63783;1330;0;0;0;1;9;1;1;1;1;3;6;1;1;17;0
63784;4123;0;0;1;0;7;0;1;0;1;1;6;2;0;55;0
63785;4123;0;0;1;0;8;0;1;0;1;1;7;2;1;55;0
63786;180;1;1;0;1;7;0;0;1;0;2;2;1;0;37;0
63787;180;1;1;0;1;8;0;0;1;0;1;3;1;1;37;0
63788;415;1;0;1;1;8;1;1;1;0;3;3;1;0;32;0
63789;415;1;0;1;1;9;1;1;1;0;2;4;1;1;37;0
63790;221;0;0;1;0;4;1;1;1;1;3;5;1;0;33;0
63791;221;0;0;1;0;5;1;1;1;1;2;6;1;1;33;0
63792;378;0;0;1;0;9;1;1;0;0;7;9;2;0;23;0
63793;378;0;0;1;0;10;1;1;0;0;6;10;2;1;23;0
63794;4240;0;0;0;0;5;1;0;0;1;5;5;1;0;0;0
63795;4240;0;0;0;0;5;1;0;0;1;5;5;1;1;0;0
63796;4230;0;0;0;0;5;1;0;0;1;5;5;1;0;0;0
63797;4230;0;0;0;0;5;1;0;0;1;5;5;1;1;0;0
63798;1979;0;0;0;0;5;1;0;0;1;5;5;1;1;0;0
63804;418;0;0;1;0;6;1;1;0;1;5;8;1;0;48;0
63805;418;0;0;1;0;7;1;1;0;1;4;9;1;1;48;0
63806;211;1;0;1;1;7;2;1;1;0;5;7;1;0;105;0
63807;211;0;1;0;1;8;1;1;0;0;4;8;1;1;101;0
63810;1239;0;0;0;0;6;1;0;1;0;5;5;2;0;7;0
63811;1239;0;0;0;0;7;1;0;1;0;4;6;2;1;39;0
63812;1924;0;0;1;0;7;0;1;1;1;3;5;2;0;97;0
63813;1924;0;0;1;0;8;0;1;1;1;2;6;2;1;97;0
63814;2548;1;0;0;1;7;0;1;0;0;10;8;0;0;0;0
63815;2548;1;0;0;1;8;0;1;0;0;10;10;0;1;33;0
63818;2542;0;0;0;0;6;0;0;0;0;8;9;1;0;0;0
63819;2542;0;0;0;0;7;0;0;0;0;7;10;1;1;0;0
63820;2360;1;1;0;1;4;1;0;1;0;9;6;0;0;0;0
63821;2360;1;1;0;1;5;1;0;1;0;8;7;0;1;0;0
63822;2657;0;0;0;0;4;1;1;0;0;7;10;0;0;4;0
63823;2657;0;0;0;0;5;1;1;0;0;6;10;0;1;4;0
63824;2650;0;1;1;0;4;1;1;1;0;4;6;2;0;100;0
63825;2650;0;1;1;0;5;1;1;1;0;3;7;2;1;100;0
63826;113;1;1;0;1;4;1;0;1;0;7;5;1;0;0;0
63827;113;0;0;0;1;5;1;1;0;0;4;7;1;1;0;0
63828;2193;1;1;1;1;5;2;0;0;0;8;6;1;0;48;0
63829;2193;1;1;1;1;6;2;0;0;0;7;7;1;1;48;0
63830;181;1;1;0;1;5;1;1;1;0;6;5;2;0;48;0
63831;181;1;1;0;1;6;1;1;1;0;5;6;2;1;48;0
63832;407;1;1;0;1;5;0;1;0;0;4;4;2;0;20;0
63833;407;1;1;0;1;6;0;1;0;0;3;5;2;1;20;0
63834;403;0;1;0;0;5;1;0;1;1;4;6;1;0;7;0
63835;403;0;1;1;0;6;1;1;1;1;3;7;2;1;0;0
63838;413;0;1;1;0;6;1;0;1;1;4;7;1;0;2;0
63839;413;0;1;0;0;7;1;1;0;1;3;9;2;1;5;0
63842;204;1;1;0;1;4;2;1;1;0;5;4;0;1;52;0
63843;205;0;0;0;1;7;0;1;0;0;2;5;2;1;16;0
63844;112;1;1;1;1;5;2;0;0;1;8;4;1;0;33;0
63845;112;1;1;1;1;6;2;0;0;1;7;5;1;1;33;0
63846;1238;1;1;0;0;4;1;1;0;0;5;7;1;0;23;0
63847;1238;1;1;0;0;5;1;1;0;0;4;8;1;1;16;0
63862;1935;0;0;1;0;10;2;1;1;0;3;8;1;0;33;0
63863;1935;0;0;1;0;10;2;1;1;0;2;9;1;1;33;0
63866;2465;1;1;1;0;8;1;1;0;0;4;3;1;0;1;0
63867;2465;1;1;1;0;9;1;1;0;0;3;4;1;1;1;0
63869;2654;0;0;1;0;9;2;1;0;0;6;3;1;0;17;0
63870;2654;0;0;1;0;10;2;1;0;0;5;4;1;1;17;0
63876;2380;0;0;0;0;9;0;1;0;0;10;8;2;0;0;0
63877;2380;0;0;0;0;10;0;1;0;0;10;10;2;1;0;0
63878;172;0;1;1;0;4;2;0;0;0;3;6;1;1;39;0
63879;172;0;1;1;0;3;2;0;0;0;4;5;1;0;39;0
63886;2651;1;1;1;1;7;1;1;0;1;1;1;1;0;41;0
63887;2651;1;1;1;1;8;1;1;0;1;1;2;1;1;41;0
63893;54;0;0;0;1;6;2;0;1;0;8;4;1;0;17;0
63894;54;0;0;0;1;6;1;0;1;0;5;5;2;1;17;0
63895;57;1;1;0;1;4;2;0;1;0;8;6;0;0;36;0
63896;57;1;1;0;1;5;1;0;1;0;5;6;1;1;36;0
63897;1012;0;0;0;0;8;0;0;1;0;2;4;2;0;33;0
63898;1012;0;0;0;0;8;0;0;1;0;1;4;2;1;33;0
63899;1011;0;0;0;0;7;0;0;1;1;4;1;1;0;39;0
63900;1011;0;0;0;0;8;0;0;1;1;2;1;2;1;39;0
63901;1010;0;0;1;0;7;0;1;0;0;6;2;0;0;16;0
63902;1010;0;0;1;0;7;0;1;0;0;4;2;2;1;16;0
63903;1141;0;1;0;0;4;0;1;1;1;7;7;2;0;39;0
63904;1141;0;1;0;0;5;0;1;1;1;5;7;2;1;39;0
63919;107;0;0;1;0;8;0;1;0;1;5;3;2;0;39;0
63920;107;0;0;1;0;9;0;1;0;1;4;4;2;1;39;0
63921;1909;1;1;1;1;3;1;1;1;1;2;5;0;0;37;0
63922;1909;1;1;1;1;4;1;1;1;1;1;6;0;1;32;0
63923;1207;1;1;1;1;4;2;0;1;0;3;5;1;0;49;0
63924;1207;1;1;1;1;5;2;0;1;0;2;6;1;1;49;0
63927;1706;1;1;1;1;4;2;1;0;0;6;2;1;0;32;0
63928;1706;1;1;1;1;5;2;1;0;0;5;4;1;1;32;0
63929;13;0;0;0;0;7;1;1;1;0;5;9;1;0;36;0
63930;13;0;0;0;0;7;1;1;1;0;3;9;2;1;36;0
63931;256;0;0;1;0;10;1;1;1;0;2;4;2;1;23;0
63934;34;1;0;1;0;6;1;0;1;0;4;8;2;0;25;0
63935;34;1;0;1;0;6;1;0;1;0;3;8;2;1;25;0
63936;1013;0;1;0;1;4;2;1;0;0;5;10;1;0;36;0
63937;1013;0;1;0;1;4;1;1;0;0;3;10;2;1;36;0
63940;22;0;0;1;0;8;0;1;1;0;3;7;2;0;23;0
63941;22;0;0;1;0;7;0;1;1;0;4;7;1;1;23;0
63942;27;0;0;1;0;7;0;1;1;1;3;7;2;0;33;0
63943;27;0;0;1;0;7;0;1;1;1;6;7;2;1;33;0
63944;1032;1;0;1;0;6;0;1;0;1;6;5;2;0;33;0
63945;1032;1;0;1;0;7;0;1;0;1;4;5;2;1;33;0
63946;56;1;1;1;0;4;1;0;0;0;7;5;1;0;17;0
63947;56;1;1;1;0;6;0;0;0;0;4;5;2;1;17;0
63949;1059;1;1;1;0;3;0;0;1;0;3;7;1;0;16;0
63950;1059;1;1;1;0;5;0;0;1;0;2;7;2;1;16;0
63951;32;0;0;0;1;6;2;1;1;0;5;7;0;0;33;0
63952;32;0;0;0;1;6;1;1;1;0;4;7;0;1;33;0
63953;1232;1;1;1;1;3;1;0;1;0;9;6;1;0;53;0
63954;1232;1;1;1;1;4;1;0;1;0;7;7;1;1;53;0
63960;1164;0;0;1;0;5;0;1;1;0;3;10;1;0;20;0
63961;1164;0;0;1;0;6;0;1;1;0;2;10;2;1;20;0
63963;243;0;0;0;0;5;1;0;0;1;5;5;1;0;0;0
63967;28;1;0;1;1;7;1;0;1;0;4;5;2;0;50;0
63968;28;1;0;1;1;5;1;0;1;0;8;5;1;1;50;0
63971;130;1;1;1;1;4;2;0;0;0;7;2;1;0;16;0
63972;130;1;1;1;1;5;2;0;0;0;6;3;1;1;16;0
63977;1551;0;0;1;0;6;0;1;1;1;3;4;2;0;36;0
63978;1551;0;0;1;0;7;0;1;1;1;2;5;2;1;36;0
63981;1761;1;0;0;0;7;2;1;1;1;4;5;2;0;0;0
63982;1761;0;0;0;0;4;0;1;1;0;7;8;2;1;0;0
63983;104;1;1;1;1;4;2;0;0;0;5;6;1;0;48;0
63987;176;1;1;1;1;7;0;1;1;0;6;5;1;0;39;0
63988;131;1;1;1;1;4;2;0;1;0;7;5;1;0;4;0
63989;131;1;1;1;1;5;2;1;1;0;7;4;2;1;36;0
63990;1245;1;1;1;0;7;2;0;0;0;9;8;0;1;4;0
63991;274;1;1;1;0;6;1;0;0;0;5;8;1;1;48;0
63992;1252;1;0;0;0;9;1;0;0;0;6;10;1;1;0;0
63993;1250;1;1;0;1;2;2;0;0;1;6;4;0;1;6;0
63994;1936;0;0;1;0;5;1;1;1;1;3;6;2;1;0;0
63995;1930;1;1;1;0;10;0;0;1;0;8;5;1;1;49;0
63996;1933;0;0;1;0;8;0;1;1;1;1;10;2;1;32;0
63997;1937;0;0;1;0;8;1;1;0;1;4;8;1;1;17;0
63998;1931;0;0;1;0;7;0;1;1;1;3;7;2;1;0;0
63999;136;0;0;1;0;6;0;1;1;1;5;6;2;1;0;0
64000;122;1;1;1;1;6;2;1;1;1;4;6;1;1;39;0
64001;45;1;1;0;1;1;2;0;1;0;7;2;0;1;20;0
64002;40;1;1;0;1;2;2;0;1;0;7;7;0;0;55;0
64003;40;1;1;0;1;3;2;0;1;0;5;7;1;1;55;0
64004;4077;0;0;0;0;5;1;0;0;1;5;5;1;1;0;0
64007;2653;0;0;1;0;8;1;1;0;1;2;5;2;0;33;0
64008;2653;0;0;1;0;8;1;1;0;1;2;5;2;1;33;0
64009;102;1;1;1;1;3;2;0;0;0;6;7;0;1;48;0
64010;406;0;0;0;0;5;1;0;0;1;5;5;1;0;0;0
64011;406;0;0;0;0;5;1;0;0;1;5;5;1;1;0;0
64012;2616;0;0;0;1;5;2;1;0;1;3;7;1;0;23;0
64013;2616;0;0;0;1;6;2;1;0;1;2;8;1;1;23;0
64020;1026;0;1;1;0;5;1;1;1;1;3;7;1;0;36;0
64021;1026;0;1;1;0;7;1;1;1;1;2;7;2;1;36;0
64022;2287;0;0;0;0;5;1;0;0;1;5;5;1;0;0;0
64023;2287;0;0;0;0;5;1;0;0;1;5;5;1;1;0;0
64036;1258;1;1;0;1;4;1;0;0;0;10;7;1;0;52;0
64037;1258;1;1;0;1;5;1;0;0;0;10;8;1;1;52;0
64044;205;0;0;0;1;6;0;1;0;0;3;4;2;0;16;0
64065;235;1;1;1;0;4;1;1;1;0;6;1;1;0;39;0
64066;235;1;1;1;0;5;1;1;1;0;4;3;1;1;39;0
64067;1920;0;0;0;0;3;1;0;0;0;9;9;0;0;18;0
64068;1920;0;0;0;0;4;1;0;0;0;7;9;0;1;49;0
64075;1978;0;0;1;1;10;0;1;0;1;5;9;2;1;33;0
64076;12;1;1;1;1;2;2;0;1;0;9;5;1;1;97;0
64077;104;1;1;1;1;5;2;0;0;0;4;7;1;1;53;0
64078;176;1;1;1;1;8;0;1;1;0;5;6;1;1;39;0
64080;2610;1;1;1;1;4;0;0;1;0;6;4;1;1;50;0
64081;124;1;0;0;0;6;1;1;1;1;3;8;0;1;103;0
64082;188;0;0;0;0;5;1;0;0;1;5;5;1;1;0;0
64083;323;1;0;0;0;5;1;0;1;0;3;6;2;1;21;0
64084;336;0;0;0;0;7;1;1;1;0;5;10;2;1;23;0
64085;1919;1;1;1;1;2;1;0;0;0;2;5;1;1;34;0
64087;1600;1;1;1;1;5;1;1;0;1;3;7;0;1;17;0
64088;207;0;0;0;0;7;1;1;0;0;4;10;1;1;20;0
64089;133;1;1;0;1;4;1;1;1;1;6;4;1;0;23;0
64091;267;1;1;1;1;6;2;1;0;1;4;5;2;1;21;0
64092;2453;0;1;0;0;4;1;1;1;1;2;6;1;1;0;0
64093;100;1;1;1;1;3;2;1;1;0;6;2;0;1;39;0
64095;145;0;1;0;1;4;2;0;1;0;5;5;2;0;7;0
64096;145;0;1;0;1;4;1;0;1;0;5;5;2;1;7;0
64097;1196;1;1;1;1;2;2;0;1;0;8;4;0;0;55;0
64098;1196;1;1;1;0;3;1;1;0;1;7;5;2;1;55;0
64101;1200;0;1;0;0;4;1;1;1;1;6;7;2;0;1;0
64102;1200;0;0;0;0;5;1;1;0;0;5;8;2;1;1;0
64103;1219;0;0;0;0;8;1;1;0;1;5;8;1;0;23;0
64104;1219;0;0;0;0;9;1;1;0;1;4;9;1;1;23;0
64105;1221;0;1;1;0;4;1;0;0;0;6;10;1;0;18;0
64106;1221;0;1;1;0;5;1;0;0;0;5;10;1;1;23;0
64107;1222;0;1;1;0;3;1;1;1;1;3;3;2;0;39;0
64108;1222;0;1;1;0;4;1;1;1;1;2;5;2;1;23;0
64111;1958;0;0;0;0;5;1;0;1;0;5;6;2;0;20;0
64112;1958;0;0;0;0;6;1;1;1;0;4;7;1;1;20;0
64113;1985;0;0;0;0;5;1;0;0;1;5;5;1;0;0;0
64114;1985;0;0;0;0;5;1;0;0;1;5;5;1;1;0;0
64115;1987;0;0;1;0;5;1;1;1;1;4;8;1;0;23;0
64116;1987;0;0;1;0;6;1;1;1;1;3;9;1;1;23;0
64117;2009;1;0;0;1;8;0;1;1;0;7;9;1;0;1;0
64118;2009;0;0;0;0;9;1;0;0;0;6;10;1;1;1;0
64119;2010;0;0;0;1;7;1;1;0;0;5;8;1;0;39;0
64120;2010;0;0;0;0;8;1;0;0;0;4;9;2;1;39;0
64123;2013;0;0;0;0;6;1;1;1;1;2;9;1;0;17;0
64124;2013;0;0;0;0;7;1;0;0;0;1;10;2;1;17;0
64149;2621;0;0;1;0;5;1;1;0;0;7;7;2;0;33;0
64150;2621;0;0;1;0;6;1;1;0;0;6;8;2;1;21;0
64159;4973;0;0;0;0;5;1;0;0;1;5;5;1;0;0;0
64160;4973;0;0;0;0;5;1;0;0;1;5;5;1;1;0;0
64203;4995;0;0;1;0;8;1;0;0;0;4;10;1;0;32;0
64204;4995;0;0;1;0;9;1;0;0;0;3;10;1;1;36;0
64241;337;0;0;0;1;5;1;1;0;0;3;7;1;0;33;0
64242;337;0;0;0;1;6;1;1;0;0;2;8;1;1;39;0
64251;134;0;1;1;1;4;1;1;1;0;5;5;2;0;33;0
64252;134;0;1;1;1;5;1;1;1;0;4;6;2;1;33;0
64256;1760;0;0;1;0;6;0;1;1;1;3;3;1;0;39;0
64257;1760;0;0;1;0;7;0;1;1;1;2;4;1;1;23;0
64264;2452;0;0;0;0;6;0;0;1;1;3;8;1;0;32;0
64265;2452;0;0;0;0;7;0;0;1;1;2;9;1;1;32;0
64270;2216;1;1;1;1;3;1;0;0;1;6;4;0;0;6;0
64271;2216;1;1;1;1;4;1;0;0;1;5;5;0;1;6;0
64272;1236;0;0;0;0;8;1;0;0;0;10;10;0;0;7;0
64273;1236;0;0;0;0;9;1;0;0;0;9;10;0;1;7;0
64274;1922;0;0;0;0;7;0;1;0;1;4;7;1;0;39;0
64275;1922;0;0;0;0;8;0;1;0;1;3;8;1;1;39;0
64276;1923;0;0;1;0;5;0;1;1;1;4;4;2;0;39;0
64277;1923;0;0;1;0;6;0;1;1;1;3;5;2;1;39;0
64280;2538;0;0;0;0;3;1;1;1;1;5;7;2;0;7;0
64281;2538;0;0;0;0;4;1;1;1;1;4;8;2;1;7;0
64284;2717;0;0;0;0;5;0;1;1;0;5;8;1;0;7;0
64285;2717;0;0;0;0;6;0;1;1;0;4;9;1;1;7;0
64288;2730;0;0;1;0;7;1;1;1;0;1;8;1;0;0;0
64289;2730;0;0;1;0;8;1;1;1;0;1;9;1;1;0;0
64294;2614;0;0;1;0;6;1;1;0;1;2;7;1;0;37;0
64295;2614;0;0;1;0;7;1;1;1;1;1;8;2;1;37;0
64300;2284;1;1;0;1;5;1;1;1;0;6;3;1;0;20;0
64301;2284;1;1;0;1;6;1;1;1;0;5;4;1;1;20;0
64310;4943;0;0;0;0;5;1;0;0;1;5;5;1;0;0;0
64311;4943;0;0;0;0;5;1;0;0;1;5;5;1;1;0;0
64315;146;0;1;0;1;5;1;0;0;1;5;5;2;0;37;0
64316;146;0;1;0;1;5;1;0;0;1;5;5;2;1;37;0
64317;147;0;0;1;0;6;1;0;1;0;6;7;1;0;17;0
64318;147;0;0;1;0;6;0;1;1;1;3;7;1;1;17;0
64319;149;0;0;1;0;7;0;1;1;1;2;5;1;0;0;0
64320;149;0;0;1;0;7;0;1;1;1;2;5;1;1;0;0
64321;157;1;1;0;1;4;0;0;1;1;7;5;1;0;0;0
64322;157;1;1;0;1;4;0;0;1;1;7;5;1;1;0;0
64325;4219;0;0;0;0;5;2;0;0;1;3;3;2;0;0;0
64328;4244;1;1;1;1;9;0;1;0;1;1;1;1;0;18;0
64329;4244;1;1;1;1;8;0;1;0;1;1;4;1;1;18;0
64330;4192;0;0;0;0;8;2;1;1;0;9;9;1;0;55;0
64331;4192;0;0;0;0;9;2;1;1;0;7;10;0;1;55;0
64332;4260;0;0;0;0;6;0;0;0;1;3;8;1;0;39;0
64333;4260;0;0;0;0;7;0;0;0;1;2;9;1;1;39;0
64336;4219;0;0;1;0;4;1;0;0;1;2;3;2;1;0;0
64337;4308;0;0;0;1;8;0;1;1;1;4;5;1;0;39;0
64338;4308;0;0;0;1;9;0;1;1;1;3;6;1;1;39;0
64345;247;1;1;0;1;5;2;0;0;1;6;6;1;0;0;0
64346;247;0;0;0;0;6;1;1;0;0;3;7;2;1;0;0
64352;2188;0;1;0;0;3;1;1;0;1;5;6;1;0;33;0
64353;2188;0;1;0;0;3;1;1;0;1;4;6;1;1;33;0
64355;4211;1;0;1;0;6;0;1;1;1;7;6;1;0;41;0
64356;4211;1;0;1;0;7;0;1;1;1;6;7;1;1;41;0
64358;1165;0;0;0;0;6;1;1;1;0;6;5;1;0;20;0
64359;1165;0;0;0;0;7;0;1;1;0;4;5;2;1;20;0
64360;1175;0;0;0;0;8;1;1;1;1;6;3;1;0;39;0
64361;1175;0;0;0;0;8;1;1;1;1;4;5;2;1;39;0
64364;59;0;0;1;0;9;0;1;0;1;3;2;2;0;39;0
64365;59;0;0;1;0;9;0;1;0;1;1;2;2;1;39;0
64370;132;1;1;0;1;2;2;0;0;0;7;3;0;0;52;0
64371;132;1;1;0;1;3;2;0;0;0;6;4;1;1;52;0
64372;135;1;1;0;1;4;1;1;1;1;6;8;1;0;49;0
64373;135;1;1;0;1;5;1;1;1;1;5;9;1;1;49;0
64374;144;1;1;1;1;3;1;0;1;1;4;5;1;0;96;0
64375;144;1;1;1;1;3;1;0;1;1;4;5;1;1;96;0
64376;148;0;0;0;0;8;0;1;1;1;2;8;2;0;0;0
64377;148;0;0;0;0;8;0;1;1;1;2;8;2;1;0;0
64378;150;0;0;0;0;7;1;0;1;0;4;7;1;0;48;0
64379;150;0;0;0;0;7;1;0;1;0;4;7;1;1;48;0
64380;151;1;1;1;1;2;2;1;1;1;3;4;0;0;2;0
64381;151;1;1;1;1;2;2;1;1;1;3;4;0;1;2;0
64382;152;1;1;0;1;3;2;0;1;0;10;7;2;0;51;0
64383;152;1;1;0;1;3;2;0;1;0;10;7;2;1;51;0
64384;153;1;1;0;0;7;2;0;0;0;7;1;0;0;55;0
64385;153;1;1;0;0;7;1;0;0;0;7;1;0;1;55;0
64386;154;1;1;0;0;2;2;1;0;0;5;7;1;0;6;0
64387;154;1;1;0;0;2;2;1;0;0;5;7;1;1;6;0
64388;155;1;1;0;0;7;0;0;1;1;5;8;1;0;17;0
64389;155;1;1;0;0;7;0;0;1;1;5;8;1;1;17;0
64390;156;1;1;1;1;2;1;1;1;1;4;8;2;0;102;0
64391;156;1;1;1;1;2;1;1;1;1;4;8;2;1;102;0
64392;158;1;1;1;1;3;1;1;0;1;6;4;1;0;6;0
64393;158;1;1;1;1;3;1;1;0;1;6;4;1;1;6;0
64394;159;1;1;0;0;5;0;0;1;1;5;5;2;0;17;0
64395;159;1;1;0;0;5;0;0;1;1;5;5;2;1;17;0
64396;160;0;1;0;0;8;1;0;1;0;7;5;1;0;97;0
64397;160;0;1;0;0;8;1;0;1;0;7;5;1;1;97;0
64398;161;1;1;0;0;4;1;0;1;0;6;7;2;0;48;0
64399;161;1;1;0;1;4;1;0;1;0;9;8;1;1;48;0
64400;162;0;1;0;0;5;1;0;1;0;5;9;1;0;96;0
64401;162;0;1;0;0;5;1;0;1;0;5;9;1;1;96;0
64402;163;1;1;0;1;8;2;0;0;0;6;7;2;0;54;0
64403;163;1;1;0;1;8;2;0;0;0;6;7;2;1;54;0
64404;164;1;1;0;1;5;1;1;1;1;3;7;2;0;6;0
64405;164;1;1;0;1;5;1;1;1;1;3;7;2;1;6;0
64406;165;0;0;0;0;5;2;0;1;0;7;9;2;0;48;0
64407;165;0;0;0;0;5;2;0;1;0;7;9;2;1;48;0
64408;166;1;0;0;1;5;1;0;1;0;8;8;1;0;0;0
64409;166;1;0;0;1;5;1;0;1;0;8;8;1;1;0;0
64410;167;1;0;0;1;5;1;0;0;1;7;8;1;0;0;0
64411;167;1;0;0;1;5;1;0;0;1;7;8;1;1;0;0
64412;168;1;1;1;0;4;0;1;1;0;5;7;2;0;6;0
64413;168;1;1;1;0;4;0;1;1;0;5;7;2;1;6;0
64414;169;0;0;1;0;8;1;0;0;0;8;8;1;0;4;0
64415;169;0;0;1;0;8;1;0;0;0;8;8;1;1;4;0
64416;170;1;1;0;1;5;1;0;1;0;5;4;2;0;0;0
64417;170;1;1;0;1;5;1;0;1;0;5;4;2;1;0;0
64418;171;1;0;0;0;5;1;1;0;1;2;5;2;0;96;0
64419;171;1;0;0;0;5;1;1;0;1;2;5;2;1;96;0
64422;197;1;1;0;1;4;2;0;1;0;8;5;0;0;49;0
64423;197;1;1;0;1;5;2;0;1;0;7;6;0;1;49;0
64434;239;1;0;1;0;5;1;1;1;0;4;7;1;0;39;0
64435;239;1;0;1;0;5;1;1;1;0;3;8;1;1;17;0
64438;254;1;0;0;1;7;0;1;0;1;5;4;1;0;39;0
64439;254;1;0;0;1;8;0;1;0;1;4;5;1;1;39;0
64440;269;1;1;0;1;5;2;0;0;0;9;8;1;0;103;0
64441;269;0;0;0;0;6;0;0;0;1;8;9;2;1;103;0
64442;270;0;0;0;0;7;0;1;0;1;3;7;1;0;23;0
64443;270;0;0;0;0;8;0;1;0;1;2;8;1;1;23;0
64444;271;0;1;0;0;4;1;1;0;1;3;6;1;0;37;0
64445;271;0;1;0;0;5;1;1;0;1;2;7;1;1;37;0
64446;306;0;0;0;0;5;1;0;0;1;5;5;1;0;0;0
64447;306;0;0;0;0;5;1;0;0;1;5;5;1;1;0;0
64448;317;1;0;1;0;6;0;1;1;1;2;2;2;0;39;0
64449;317;1;0;1;0;7;0;1;1;1;1;4;2;1;39;0
64452;342;0;0;0;0;5;1;0;0;1;5;5;1;0;0;0
64453;342;0;0;0;0;5;1;0;0;1;5;5;1;1;0;0
64454;345;0;0;1;0;4;0;0;0;1;4;5;1;0;39;0
64455;345;0;0;1;0;5;0;0;0;1;3;6;1;1;23;0
64460;351;0;0;1;0;9;1;1;0;1;6;9;1;0;17;0
64461;351;0;0;1;0;10;1;1;0;1;5;10;1;1;18;0
64468;355;0;0;0;0;5;1;0;0;1;5;5;1;0;0;0
64469;355;0;0;0;0;5;1;0;0;1;5;5;1;1;0;0
64498;1166;0;0;1;0;10;0;1;0;1;2;9;2;0;39;0
64499;1166;0;0;1;0;10;0;1;0;1;1;9;2;1;39;0
64500;1167;0;0;1;0;8;0;1;0;1;5;10;2;0;17;0
64501;1167;0;0;1;0;8;0;1;0;1;3;10;2;1;17;0
64502;1168;0;0;1;0;6;0;1;0;1;3;8;2;0;23;0
64503;1168;0;0;1;0;7;0;1;0;1;2;8;2;1;23;0
64504;1169;0;0;1;0;9;1;1;1;1;5;3;2;0;17;0
64505;1169;0;0;1;0;9;0;1;1;1;3;3;2;1;17;0
64506;1171;0;0;1;0;6;1;1;1;1;8;2;2;0;33;0
64507;1171;0;0;1;0;7;0;1;1;1;5;2;2;1;33;0
64508;1172;0;0;1;0;8;0;1;0;1;4;5;2;0;23;0
64509;1172;0;0;1;0;9;0;1;0;1;2;5;2;1;23;0
64510;1173;0;0;1;0;5;0;1;0;1;3;3;2;0;39;0
64511;1173;0;0;1;0;8;0;1;0;1;1;3;2;1;39;0
64512;1174;0;0;0;0;5;0;1;1;1;5;7;2;0;17;0
64513;1174;0;0;0;0;7;0;1;1;1;3;7;2;1;17;0
64514;1176;0;0;1;0;7;0;1;0;1;2;9;2;0;20;0
64515;1176;0;0;1;0;9;0;1;0;1;1;9;2;1;20;0
64516;1177;0;0;1;0;9;0;1;0;1;1;1;2;0;34;0
64517;1177;0;0;1;0;10;0;1;0;1;1;1;2;1;34;0
64518;1178;0;0;1;0;7;0;1;0;1;3;7;2;0;39;0
64519;1178;0;0;1;0;8;0;1;0;1;2;7;2;1;39;0
64520;1179;0;0;1;0;8;0;1;1;1;2;8;2;0;17;0
64521;1179;0;0;1;0;8;0;1;1;1;1;7;2;1;17;0
64522;1180;0;0;0;0;5;0;1;0;1;4;5;2;0;39;0
64523;1180;0;0;0;0;6;0;1;0;1;3;5;2;1;39;0
64524;1181;0;0;1;0;9;0;1;0;1;3;1;2;0;39;0
64525;1181;0;0;1;0;10;0;1;0;1;2;1;2;1;39;0
64526;1182;0;0;0;0;8;0;1;1;1;4;8;2;0;20;0
64527;1182;0;0;0;0;9;0;1;1;1;2;7;2;1;20;0
64528;1183;0;0;1;0;10;0;1;0;1;1;3;2;0;39;0
64529;1183;0;0;1;0;10;0;1;0;1;1;4;2;1;39;0
64530;1195;1;1;0;1;3;2;0;1;0;7;6;0;0;48;0
64531;1195;1;1;1;0;4;1;1;0;1;6;7;1;1;48;0
64534;1203;1;1;1;1;5;1;0;0;1;5;5;1;0;23;0
64535;1203;1;1;1;1;6;1;1;0;1;4;6;1;1;23;0
64538;1208;1;1;1;1;6;2;1;1;1;3;2;1;0;16;0
64539;1208;1;1;1;1;7;2;1;1;1;2;3;1;1;16;0
64542;1212;0;0;1;1;5;1;1;0;0;4;6;1;0;97;0
64543;1212;0;0;1;1;6;1;1;0;0;3;5;1;1;97;0
64548;1220;0;1;0;1;5;1;1;1;0;6;7;1;0;48;0
64549;1220;0;1;0;1;6;1;1;1;0;4;7;1;1;55;0
64558;1230;0;0;0;0;5;1;0;0;1;5;5;1;0;0;0
64559;1230;0;0;0;0;5;1;0;0;1;5;5;1;1;0;0
64560;1251;1;1;1;0;3;1;1;0;0;2;5;1;0;36;0
64561;1251;1;1;1;0;4;1;1;0;0;1;6;1;1;32;0
64562;1257;0;1;1;0;4;2;0;1;0;5;5;1;0;23;0
64563;1257;0;1;1;0;5;2;0;1;0;4;6;1;1;23;0
64572;1270;1;1;0;1;3;2;0;1;1;5;9;2;0;0;0
64573;1270;1;1;0;1;3;2;0;1;1;5;9;2;1;0;0
64574;1271;1;1;0;0;7;0;1;0;1;2;3;2;0;6;0
64575;1271;1;1;0;0;7;0;1;0;1;2;3;2;1;6;0
64576;1274;1;1;0;1;2;2;0;0;1;9;3;1;0;6;0
64577;1274;1;1;0;1;2;2;0;0;1;9;3;1;1;6;0
64578;1278;0;0;1;0;7;0;0;1;0;9;10;2;0;52;0
64579;1278;0;0;1;0;7;0;0;1;0;8;10;2;1;52;0
64598;1588;0;0;0;1;3;1;1;0;0;5;9;0;0;55;0
64599;1588;0;0;0;1;4;1;1;0;0;4;10;1;1;55;0
64626;1753;0;1;1;0;6;1;1;0;0;5;8;1;0;37;0
64627;1753;0;1;1;0;7;1;1;0;0;4;9;1;1;39;0
64650;1809;0;0;0;0;8;1;1;0;0;3;8;2;0;33;0
64651;1809;0;0;0;0;9;1;1;0;0;2;9;2;1;33;0
64656;1832;1;1;1;1;5;1;1;1;0;4;4;1;0;16;0
64657;1832;1;1;1;1;6;1;1;1;0;3;5;1;1;16;0
64660;1881;1;0;1;0;5;1;0;1;0;7;8;1;0;55;0
64661;1881;1;0;1;0;5;1;0;1;0;7;8;1;1;55;0
64662;1882;1;1;1;1;3;2;0;1;0;9;9;2;0;52;0
64663;1882;1;1;1;1;3;2;0;1;0;9;9;2;1;52;0
64676;1941;1;1;1;1;7;0;1;0;0;4;6;1;0;41;0
64677;1941;1;1;1;1;8;0;1;0;0;3;7;1;1;41;0
64682;1945;1;1;1;1;3;2;1;1;1;4;5;1;0;39;0
64683;1945;1;1;1;1;4;2;1;1;1;3;6;1;1;39;0
64686;1950;1;0;1;1;9;2;0;1;0;7;8;1;0;52;0
64687;1950;1;0;1;1;10;2;0;1;0;6;9;1;1;52;0
64688;1955;1;0;1;0;5;1;1;1;1;4;2;2;0;39;0
64689;1955;1;0;1;0;6;1;1;1;1;3;3;2;1;32;0
64690;1956;0;0;0;0;5;1;0;0;1;5;5;1;0;0;0
64691;1956;0;0;0;0;5;1;0;0;1;5;5;1;1;0;0
64692;1957;1;1;1;0;2;1;1;1;0;7;4;2;0;39;0
64693;1957;1;1;1;0;3;1;1;1;0;5;5;1;1;0;0
64706;1986;0;0;1;1;9;1;1;0;0;4;5;1;0;39;0
64707;1986;0;0;1;1;10;1;1;0;0;3;6;1;1;39;0
64708;1989;0;0;1;1;5;0;0;1;1;5;7;1;0;33;0
64709;1989;0;0;1;1;6;0;0;1;1;4;8;1;1;33;0
64714;1995;1;1;1;1;5;2;1;0;0;4;5;1;0;52;0
64715;1995;1;1;1;1;6;2;1;0;0;3;6;1;1;52;0
64716;1996;1;0;1;1;5;0;1;0;1;5;4;2;0;7;0
64717;1996;1;0;1;1;6;0;1;0;1;4;5;2;1;7;0
64726;2019;1;1;1;0;4;1;1;1;1;5;5;1;0;0;0
64727;2019;1;1;1;0;5;1;1;0;1;4;6;2;1;0;0
64740;2066;0;0;0;0;5;1;0;0;1;5;5;1;0;0;0
64741;2066;0;0;0;0;5;1;0;0;1;5;5;1;1;0;0
64742;2067;0;0;0;0;7;2;0;0;1;3;10;1;0;33;0
64743;2067;0;0;0;0;8;2;0;0;1;2;10;1;1;33;0
64744;2068;0;0;0;0;5;1;0;0;1;5;5;1;0;0;0
64745;2068;0;0;0;0;5;1;0;0;1;5;5;1;1;0;0
64746;2069;0;1;0;1;7;2;0;0;0;5;8;1;0;103;0
64747;2069;0;1;0;1;8;2;0;0;0;4;9;1;1;103;0
64748;2070;0;1;1;0;6;1;1;0;1;5;7;1;0;21;0
64749;2070;0;1;1;0;7;1;1;0;1;4;8;1;1;21;0
64750;2071;0;0;1;0;9;1;0;0;1;2;7;2;0;103;0
64751;2071;0;0;0;0;10;1;0;0;1;1;8;2;1;103;0
64782;2194;0;0;1;0;7;0;1;1;1;1;6;0;0;33;0
64783;2194;0;0;1;0;8;0;1;1;1;1;7;0;1;33;0
64784;2195;0;0;0;0;5;1;0;0;1;5;5;1;0;0;0
64785;2195;0;0;0;0;5;1;0;0;1;5;5;1;1;0;0
64800;2210;1;1;1;1;10;1;1;1;1;3;6;1;0;33;0
64801;2210;1;1;1;1;10;1;1;1;1;2;7;1;1;33;0
64804;2215;0;0;0;0;9;1;1;0;1;6;8;0;0;4;0
64805;2215;0;0;0;0;10;1;1;0;1;5;9;0;1;4;0
64810;2229;0;0;0;1;8;2;0;1;1;7;7;1;0;23;0
64811;2229;0;0;0;1;9;2;0;1;1;6;8;1;1;23;0
64822;2285;1;1;1;0;3;1;1;0;1;8;5;1;0;6;0
64823;2285;1;1;1;0;4;1;1;0;1;7;6;1;1;6;0
64832;2317;0;0;0;0;1;1;0;0;0;1;1;1;0;0;0
64833;2317;0;0;0;0;1;1;0;0;0;1;1;1;1;0;0
64836;2361;1;1;1;1;1;0;1;1;0;5;5;1;0;102;0
64837;2361;1;1;1;1;2;0;1;1;0;4;6;1;1;102;0
64842;2365;0;0;0;0;4;1;1;0;1;5;7;1;0;48;0
64843;2365;0;0;0;0;5;1;1;0;1;4;8;1;1;16;0
64848;2369;1;1;0;0;7;1;0;1;0;5;4;1;0;33;0
64849;2369;0;1;0;1;8;1;0;0;1;4;5;2;1;33;0
64850;2370;0;0;0;1;8;1;0;1;0;5;8;1;0;0;0
64851;2370;0;0;0;1;8;1;0;1;0;5;8;1;1;0;0
64852;2371;1;1;1;0;6;2;0;0;0;5;5;1;0;32;0
64853;2371;1;1;1;0;6;1;0;0;0;5;5;2;1;32;0
64854;2372;0;0;0;0;8;0;1;1;1;2;9;2;0;16;0
64855;2372;0;0;0;0;9;0;1;1;1;2;9;2;1;16;0
64856;2373;1;1;0;0;5;2;0;1;0;7;9;2;0;0;0
64857;2373;1;1;0;0;5;2;0;1;0;7;9;2;1;0;0
64860;2382;0;0;0;0;5;1;0;0;1;5;5;1;0;0;0
64861;2382;0;0;0;0;5;1;0;0;1;5;5;1;1;0;0
64868;2391;0;0;1;0;9;1;1;0;0;6;3;1;0;32;0
64869;2391;0;1;0;0;10;0;1;1;1;5;4;1;1;32;0
64944;2450;0;1;0;0;8;2;0;0;0;8;7;1;0;49;0
64945;2450;0;1;0;0;9;2;0;0;0;7;8;1;1;49;0
64946;2451;0;0;0;1;9;1;1;1;0;7;6;1;0;0;0
64947;2451;0;0;0;1;10;1;1;1;0;6;5;1;1;0;0
64948;2454;0;0;0;0;7;1;0;1;1;9;7;0;0;0;0
64949;2454;0;0;0;0;8;1;0;1;1;8;8;0;1;0;0
64958;2459;0;1;0;1;4;1;0;0;0;7;5;0;0;0;0
64959;2459;0;1;0;1;4;1;0;0;0;7;5;0;1;0;0
64966;2464;0;0;0;0;5;1;0;0;1;5;5;1;0;0;0
64967;2464;0;0;0;0;5;1;0;0;1;5;5;1;1;0;0
64972;2468;1;1;1;0;10;0;0;0;0;9;4;1;0;0;0
64973;2468;0;0;0;0;1;1;0;0;0;1;1;1;1;33;0
64977;2506;1;1;1;1;7;1;1;1;1;1;1;2;0;0;0
64978;2506;1;1;1;1;8;1;1;1;1;1;2;2;1;0;0
64981;2517;0;0;0;0;5;1;0;0;1;5;5;1;0;0;0
64982;2517;0;0;0;0;5;1;0;0;1;5;5;1;1;0;0
64991;2544;0;0;0;1;9;1;1;1;1;3;10;1;0;97;0
64992;2544;0;0;0;1;10;1;1;1;1;2;10;1;1;97;0
65019;2618;1;1;1;1;4;1;0;0;1;5;5;1;0;22;0
65020;2618;1;1;1;1;5;1;0;0;1;4;6;1;1;22;0
65023;2622;0;0;1;0;3;0;1;0;1;2;4;2;0;33;0
65024;2622;0;0;1;0;4;0;1;0;1;1;5;2;1;33;0
65027;2625;0;0;0;0;5;0;0;0;1;6;7;1;0;32;0
65028;2625;0;0;0;0;6;0;0;0;1;5;8;1;1;32;0
65031;2643;0;1;0;1;3;2;1;0;0;8;5;1;0;52;0
65032;2643;1;1;0;1;4;2;0;1;0;7;6;1;1;52;0
65039;2648;0;1;0;0;2;0;0;0;0;5;5;1;0;21;0
65040;2648;0;1;0;0;3;0;0;0;0;4;6;1;1;21;0
65041;2649;0;0;0;0;1;1;0;0;0;1;1;1;0;0;0
65042;2649;0;0;0;0;1;1;0;0;0;1;1;1;1;0;0
65043;2652;1;1;1;0;3;0;1;1;1;2;3;1;0;38;0
65044;2652;1;1;1;0;4;0;1;1;1;1;4;1;1;38;0
65045;2655;1;1;1;0;5;1;1;1;1;5;6;0;0;16;0
65046;2655;1;1;1;0;6;1;1;1;1;4;7;0;1;16;0
65074;2676;0;0;1;0;10;0;0;1;0;4;2;1;0;33;0
65075;2676;0;0;1;0;10;0;0;1;0;3;3;1;1;33;0
65092;2707;1;0;0;1;9;0;0;1;0;5;4;2;0;7;0
65093;2707;1;0;0;1;10;0;0;1;0;4;5;2;1;7;0
65094;2708;0;0;0;0;4;0;0;0;0;8;8;0;0;48;0
65095;2708;0;0;0;0;5;0;0;0;0;7;9;0;1;7;0
65112;2719;0;0;1;0;7;1;1;1;0;6;4;1;0;16;0
65113;2719;0;0;1;0;8;1;1;1;0;5;5;1;1;16;0
65126;2729;0;0;1;0;8;1;0;1;0;6;5;2;0;1;0
65127;2729;0;0;1;0;9;1;0;1;0;5;6;2;1;1;0
65150;4086;0;0;0;0;5;1;0;0;1;5;5;1;0;0;0
65151;4086;0;0;0;0;5;1;0;0;1;5;5;1;1;0;0
65160;4092;0;0;0;0;5;1;0;0;1;5;5;1;0;0;0
65161;4092;0;0;0;0;5;1;0;0;1;5;5;1;1;0;0
65164;4094;0;0;0;0;5;1;0;0;1;5;5;1;0;0;0
65165;4094;0;0;0;0;5;1;0;0;1;5;5;1;1;0;0
65166;4095;0;0;0;0;5;1;0;0;1;5;5;1;0;0;0
65167;4095;0;0;0;0;5;1;0;0;1;5;5;1;1;0;0
65178;4101;0;0;0;0;3;1;0;0;0;2;3;2;0;39;0
65179;4101;0;0;0;0;2;1;0;1;0;2;2;1;1;39;0
65184;4104;0;0;1;0;9;0;0;1;0;9;7;2;0;48;0
65185;4104;0;0;1;0;9;0;0;1;0;9;7;2;1;48;0
65188;4106;1;1;1;1;3;2;0;0;1;7;7;0;0;0;0
65189;4106;1;1;1;1;3;2;0;0;1;7;7;0;1;0;0
65194;4110;0;0;0;0;5;1;0;0;1;5;5;1;0;0;0
65195;4110;0;0;0;0;5;1;0;0;1;5;5;1;1;0;0
65196;4111;0;0;1;0;9;1;1;0;0;5;10;1;0;0;0
65197;4111;0;0;1;0;10;1;1;0;0;4;10;1;1;0;0
65252;4143;0;0;0;0;5;1;0;0;1;5;5;1;0;0;0
65253;4143;0;0;0;0;5;1;0;0;1;5;5;1;1;0;0
65300;4175;1;0;1;0;5;2;1;1;1;7;3;1;0;39;0
65301;4175;0;1;0;0;6;1;0;0;1;6;4;2;1;39;0
65310;4183;0;0;0;0;5;1;1;0;0;3;7;1;0;37;0
65311;4183;0;0;0;1;7;1;1;0;1;2;9;1;1;33;0
65326;4194;0;0;0;0;8;1;0;1;1;7;8;1;0;33;0
65327;4194;0;0;0;0;9;1;0;1;1;6;9;1;1;33;0
65338;4200;0;0;1;0;5;0;1;0;1;4;7;2;0;39;0
65339;4200;0;0;1;0;6;0;1;0;1;3;8;2;1;39;0
65348;4206;0;0;0;0;8;1;1;1;1;2;7;1;0;16;0
65349;4206;0;0;0;0;9;1;1;1;1;1;8;1;1;23;0
65354;4213;1;0;1;0;9;1;1;0;0;5;7;0;0;23;0
65355;4213;0;0;1;0;10;1;1;0;0;4;8;0;1;23;0
65366;4220;0;1;0;1;2;2;1;1;1;3;7;1;0;33;0
65367;4220;0;1;0;1;4;1;1;1;1;2;8;2;1;33;0
65376;4225;0;0;0;0;5;1;0;0;1;5;5;1;0;0;0
65377;4225;0;0;0;0;5;1;0;0;1;5;5;1;1;0;0
65384;4229;1;1;0;1;4;0;0;1;0;5;5;1;0;48;0
65385;4229;1;1;0;1;5;0;0;1;0;3;6;1;1;55;0
65388;4232;0;0;0;1;8;2;1;1;1;2;4;0;0;55;0
65389;4232;0;0;0;1;9;2;1;1;1;1;6;1;1;48;0
65396;4237;1;1;1;1;1;1;0;0;0;4;4;1;0;21;0
65397;4237;1;1;1;1;2;1;0;0;0;1;5;1;1;37;0
65402;4241;0;0;1;0;10;0;1;0;0;5;5;2;0;55;0
65403;4241;0;0;1;0;10;0;1;0;0;4;7;2;1;34;0
65412;4247;0;0;0;0;1;1;0;0;0;1;1;1;0;0;0
65413;4247;0;0;0;0;1;1;0;0;0;1;1;1;1;0;0
65428;4255;0;0;0;0;5;1;0;0;1;5;5;1;0;0;0
65429;4255;0;0;0;0;5;1;0;0;1;5;5;1;1;0;0
65444;4264;0;0;0;0;1;1;0;0;0;1;1;1;0;0;0
65445;4264;0;0;0;0;1;1;0;0;0;1;1;1;1;0;0
65452;4269;0;0;1;0;7;1;1;0;1;8;10;1;0;36;0
65453;4269;0;0;1;0;8;1;1;0;1;7;10;1;1;36;0
65464;4276;0;0;0;0;1;1;0;0;0;1;1;1;0;0;0
65465;4276;0;0;0;0;1;1;0;0;0;1;1;1;1;0;0
65520;4309;0;1;0;1;4;0;1;0;1;6;4;2;0;36;0
65521;4309;0;1;0;1;5;0;1;0;1;5;5;2;1;36;0
65614;4363;0;0;1;0;5;0;1;0;1;2;7;1;0;33;0
65615;4363;0;0;1;0;6;0;1;0;1;1;8;1;1;17;0
65628;4370;0;1;0;1;8;1;1;0;0;5;6;0;0;33;0
65629;4370;0;1;0;1;9;1;1;0;0;4;7;0;1;33;0
65632;4372;0;0;0;0;10;0;1;0;1;6;4;2;0;23;0
65633;4372;0;0;0;0;10;0;1;0;1;4;6;2;1;23;0
65678;4395;0;0;0;0;5;1;0;0;1;5;5;1;0;0;0
65679;4395;0;0;0;0;5;1;0;0;1;5;5;1;1;0;0
65696;4911;0;0;0;0;1;1;0;0;0;1;1;1;0;0;0
65697;4911;0;0;0;0;1;1;0;0;0;1;1;1;1;0;0
65702;4914;1;1;0;1;5;2;1;0;0;4;5;1;0;48;0
65703;4914;1;1;0;1;5;1;1;0;0;5;5;1;1;32;0
65704;4915;0;0;0;0;3;2;0;0;0;9;8;1;0;55;0
65705;4915;0;0;0;0;4;1;0;0;0;8;8;2;1;39;0
65720;4923;0;0;0;0;3;0;1;0;1;2;4;2;0;39;0
65721;4923;0;0;0;0;4;0;1;0;1;1;6;2;1;39;0
65728;4928;0;0;0;0;8;1;1;0;1;8;6;0;0;49;0
65729;4928;0;0;0;0;8;0;1;0;1;7;7;1;1;50;0
65746;4937;0;1;0;1;3;2;0;1;0;2;9;0;0;20;0
65747;4937;0;0;0;1;4;2;0;1;0;1;10;0;1;4;0
65748;4938;0;0;0;0;5;1;0;0;1;5;5;1;0;0;0
65749;4938;0;0;0;0;5;1;0;0;1;5;5;1;1;0;0
65754;4941;1;0;1;1;7;2;1;1;0;2;4;1;0;33;0
65755;4941;1;1;1;1;8;2;1;1;0;1;5;1;1;33;0
65786;4962;1;0;0;0;7;1;1;0;1;4;6;1;0;16;0
65787;4962;0;0;1;0;8;1;1;0;1;3;7;1;1;16;0
65790;4964;1;1;1;1;5;1;1;1;1;5;5;1;0;37;0
65791;4964;1;1;1;1;6;1;1;1;1;4;6;1;1;37;0
65792;4965;0;0;1;0;7;0;1;0;1;3;5;2;0;23;0
65793;4965;0;0;1;0;10;0;1;0;1;2;8;2;1;7;0
65812;5046;1;1;1;1;4;2;1;0;0;7;5;1;0;0;0
65813;5046;1;1;1;1;5;2;1;0;0;6;6;1;1;0;0
65818;5047;0;1;1;0;3;0;1;0;0;5;8;1;0;0;0
65819;5129;1;1;1;1;5;1;0;1;1;5;5;1;0;0;0
65820;5100;0;1;0;0;5;1;0;0;0;6;8;1;0;0;0
65821;5100;0;0;0;0;5;0;1;1;1;4;6;0;1;0;0
65826;5189;0;0;0;0;6;1;0;1;1;4;8;1;0;17;0
65827;5189;0;0;0;0;7;0;0;1;1;5;9;2;1;17;0
65828;199;0;0;1;0;10;0;1;1;1;1;5;1;0;0;0
65829;199;0;0;1;0;9;0;1;1;1;1;7;1;1;0;0
65830;140;0;0;1;0;10;0;1;1;1;1;5;1;0;0;0
65831;140;0;0;1;0;9;0;1;1;1;1;7;1;1;0;0
65832;200;0;1;0;0;5;1;1;0;1;7;8;2;0;0;0
65833;2469;0;0;1;0;10;0;1;1;1;1;5;1;0;0;0
65834;2469;0;0;1;0;9;0;1;1;1;1;7;1;1;0;0
65835;2696;0;0;1;0;10;0;1;1;1;1;5;1;0;0;0
65836;2696;0;0;1;0;9;0;1;1;1;1;7;1;1;0;0
65837;200;0;1;0;0;4;0;1;0;1;8;8;2;1;0;0
65838;1386;0;1;0;1;5;0;0;1;0;5;5;1;0;0;0
65839;1386;0;1;0;0;3;0;1;1;0;5;7;1;1;0;0
65858;2293;1;0;0;1;3;0;1;0;1;2;2;0;0;0;0
65859;2293;0;0;1;1;3;1;0;0;1;5;1;1;1;0;0
65866;2297;0;0;0;0;6;1;1;1;1;4;5;2;0;0;0
65867;2297;0;0;0;0;6;0;1;1;1;5;6;2;1;0;0
65868;2298;0;0;0;0;9;0;1;0;0;10;8;2;0;0;0
65869;2298;0;0;0;0;10;0;1;0;0;10;10;2;1;0;0
65870;2300;1;1;0;1;5;1;1;0;1;4;7;1;0;0;0
65871;2300;0;1;1;0;7;1;0;1;1;4;6;1;1;0;0
65872;2301;1;1;0;1;8;1;1;0;1;7;7;1;0;0;0
65873;2301;0;0;1;0;4;2;1;1;0;3;5;2;1;0;0
65874;2344;1;1;1;0;8;2;0;1;0;7;6;1;0;0;0
65875;2344;0;0;0;1;6;2;1;0;0;7;6;2;1;0;0
65876;2345;0;1;1;0;7;1;0;0;1;7;7;2;0;0;0
65877;2345;0;1;1;0;7;1;0;0;1;7;7;2;1;0;0
65878;2346;0;1;0;1;4;2;0;0;1;7;5;2;0;0;0
65879;2346;0;1;0;1;4;1;0;0;1;7;6;2;1;0;0
65880;2347;1;0;0;1;3;1;0;0;0;2;2;0;0;0;0
65881;2347;1;1;0;1;3;1;0;1;0;2;2;0;1;0;0
65882;2348;0;0;0;0;4;0;1;1;1;2;8;1;0;0;0
65883;2348;0;0;0;0;1;0;1;1;1;2;10;1;1;0;0
65884;2349;0;1;0;1;8;2;0;0;0;7;7;1;0;0;0
65885;2349;0;0;0;0;4;1;1;0;1;4;6;1;1;0;0
65886;2350;0;0;1;0;4;1;1;0;1;4;5;2;0;0;0
65887;2350;0;0;1;0;3;0;1;0;1;5;5;2;1;0;0
65888;2351;0;0;0;0;6;2;1;0;1;6;6;2;0;0;0
65889;2351;0;0;1;0;4;0;1;1;0;3;4;2;1;0;0
65890;2352;1;0;0;1;4;2;0;0;0;5;6;1;0;0;0
65891;2352;0;1;1;0;6;0;1;1;1;6;6;1;1;0;0
65892;2353;1;1;0;1;5;1;0;0;0;6;5;1;0;0;0
65893;2353;0;1;0;0;4;0;1;0;1;7;7;1;1;0;0
65894;2354;0;1;0;0;6;2;1;0;1;5;6;1;0;0;0
65895;2354;1;0;0;0;5;1;1;0;1;7;5;2;1;0;0
65896;2355;0;1;0;1;6;1;1;0;0;5;4;1;0;0;0
65897;2355;0;1;0;0;5;0;1;0;1;6;7;1;1;0;0
65898;2356;0;1;1;1;6;0;0;1;0;7;4;1;0;0;0
65899;2356;1;1;1;1;5;0;1;1;1;8;8;2;1;0;0
65900;2357;0;1;0;0;6;1;1;0;0;5;5;1;0;0;0
65901;2357;0;1;0;0;6;1;1;0;0;5;5;1;1;0;0
65902;2398;0;1;0;0;6;1;1;0;0;4;7;1;0;0;0
65903;2398;0;1;0;0;4;0;1;0;0;3;6;2;1;0;0
65904;2399;0;0;0;0;4;1;1;0;0;4;7;1;0;0;0
65905;2399;0;0;0;0;3;0;1;0;0;3;7;1;1;0;0
65906;2400;0;1;0;0;6;1;1;1;0;5;6;1;0;0;0
65907;2400;0;0;0;0;4;0;1;1;0;3;6;1;1;0;0
65908;2401;1;1;0;0;5;1;1;0;1;4;4;1;0;0;0
65909;2401;0;1;0;0;3;0;1;0;0;5;2;1;1;0;0
65910;2402;0;1;0;0;6;1;1;0;1;7;6;1;0;0;0
65911;2402;0;0;0;1;8;0;1;1;0;2;8;1;1;0;0
65912;2403;0;1;1;1;10;1;0;1;0;9;9;2;0;0;0
65913;2403;0;0;1;1;10;1;0;0;0;10;10;2;1;0;0
65914;2404;1;1;1;1;4;0;0;0;0;8;7;1;0;0;0
65915;2404;1;1;1;1;4;0;0;0;0;8;7;1;1;0;0
65916;2405;1;1;0;0;6;1;0;1;0;7;6;1;0;0;0
65917;2405;1;1;0;0;5;0;0;0;0;7;6;1;1;0;0
65918;2406;1;1;0;1;4;0;1;1;1;4;8;0;0;0;0
65919;2406;0;1;0;1;8;0;1;1;1;4;8;1;1;0;0
65920;2407;0;1;0;1;6;2;0;0;1;6;4;1;0;0;0
65921;2407;0;1;0;0;4;1;1;0;1;5;6;1;1;0;0
65922;2408;0;1;1;1;6;1;1;0;1;7;7;1;0;0;0
65923;2408;0;1;1;1;6;1;1;0;1;7;7;1;1;0;0
65924;2409;1;1;1;0;4;0;1;1;0;4;6;1;0;0;0
65925;2409;1;1;1;0;4;0;1;1;0;4;6;1;1;0;0
65926;2473;0;0;0;0;6;1;1;1;1;4;6;1;0;0;0
65927;2473;0;0;0;0;6;1;1;1;1;4;6;1;1;0;0
65928;2478;0;1;0;0;5;1;1;0;1;5;4;1;0;0;0
65929;2478;0;1;0;0;4;1;1;0;1;6;6;2;1;0;0
65930;2480;1;1;0;1;5;1;1;0;0;6;6;1;0;0;0
65931;2480;0;1;0;0;3;0;1;0;0;6;8;2;1;0;0
65932;2481;1;1;0;1;6;2;1;0;1;4;5;1;0;0;0
65933;2481;1;1;0;1;6;1;1;0;1;5;6;2;1;0;0
65934;2483;1;1;0;0;4;0;1;0;0;5;5;1;0;0;0
65935;2483;0;0;1;0;3;0;1;0;0;6;7;1;1;0;0
65936;2484;0;1;0;0;6;2;1;1;1;3;7;1;0;0;0
65937;2484;0;1;0;0;5;1;1;1;1;4;6;2;1;0;0
65938;2486;0;0;0;0;4;0;1;0;1;4;7;2;0;0;0
65939;2486;0;1;0;0;3;0;1;0;1;6;7;2;1;0;0
65940;2488;1;1;0;0;7;1;1;0;0;5;4;1;0;0;0
65941;2488;0;1;0;0;4;1;1;0;0;5;6;1;1;0;0
65942;2490;1;1;0;0;5;1;0;0;0;3;5;1;0;0;0
65943;2490;0;0;0;1;4;0;1;1;0;7;8;1;1;0;0
65944;2491;0;0;0;0;7;1;1;1;0;6;6;1;0;0;0
65945;2491;0;0;0;0;7;1;1;1;0;6;6;1;1;0;0
65946;2493;0;1;0;0;6;2;1;1;0;6;5;1;0;0;0
65947;2493;0;1;0;0;5;1;1;0;1;7;7;2;1;0;0
65948;2494;0;0;0;1;4;1;0;0;0;4;3;0;0;0;0
65949;2494;0;0;1;0;3;0;1;0;0;5;6;1;1;0;0
65950;2496;0;1;0;1;4;1;1;0;0;5;5;1;0;0;0
65951;2496;0;1;0;0;5;0;1;0;1;7;7;2;1;0;0
65952;2497;0;1;0;1;4;2;1;0;0;5;6;2;0;0;0
65953;2497;0;1;0;1;4;2;1;0;1;5;6;2;1;0;0
65954;2498;1;1;1;0;7;2;0;0;0;7;6;1;0;0;0
65955;2498;0;1;1;0;8;0;1;0;1;8;6;1;1;0;0
65956;2499;0;1;0;0;6;1;1;0;0;6;6;1;0;0;0
65957;2499;0;1;0;0;4;1;1;0;0;4;5;1;1;0;0
65958;2501;1;0;0;0;4;1;0;0;0;1;2;0;0;0;0
65959;2501;0;1;0;1;4;1;0;0;0;3;3;0;1;0;0
65960;2514;1;0;0;0;5;0;1;0;0;7;6;0;0;0;0
65961;2514;1;0;0;1;7;0;1;1;0;8;6;1;1;0;0
65962;2689;0;1;1;0;5;1;0;0;0;5;5;1;0;0;0
65963;2689;0;1;1;0;4;0;1;0;1;7;7;1;1;0;0
65964;2690;1;1;1;0;7;1;0;0;1;4;6;1;0;0;0
65965;2690;0;1;1;0;5;1;1;0;1;5;6;1;1;0;0
65966;2691;1;0;1;0;7;1;0;0;1;8;8;1;0;0;0
65967;2691;1;1;1;1;4;0;1;0;0;4;7;2;1;0;0
65968;2692;0;0;0;1;6;1;0;0;1;6;7;1;0;0;0
65969;2692;1;1;0;0;3;0;1;1;0;3;5;2;1;0;0
65970;2693;0;0;1;0;5;2;1;1;0;3;6;1;0;0;0
65971;2693;0;0;1;0;6;1;1;1;0;5;8;2;1;0;0
65972;2694;1;1;1;0;6;2;1;0;1;3;2;1;0;0;0
65973;2694;1;1;1;0;4;1;0;0;1;4;3;1;1;0;0
65974;2695;0;0;0;1;8;0;1;1;1;3;4;1;0;0;0
65975;2695;0;0;0;1;9;0;1;1;1;10;5;2;1;0;0
65976;2697;1;1;0;0;4;2;0;1;0;8;5;2;0;0;0
65977;2697;1;1;0;0;4;2;0;1;1;8;5;2;1;0;0
65978;2698;0;1;1;1;7;2;1;0;1;5;5;2;0;0;0
65979;2698;0;1;1;1;7;2;1;0;1;5;5;2;1;0;0
65980;4000;0;0;0;0;5;0;0;0;0;6;6;1;0;0;0
65981;4000;1;1;0;0;6;0;1;0;0;7;7;2;1;0;0
65982;4001;0;0;0;1;5;0;1;0;0;7;6;1;0;0;0
65983;4001;1;1;0;0;8;0;1;0;0;7;6;1;1;0;0
65984;4002;0;1;1;1;5;2;0;0;0;5;5;2;0;0;0
65985;4002;0;0;0;0;6;2;1;1;0;4;6;2;1;0;0
65986;4003;0;0;0;1;6;0;0;1;1;4;4;1;0;0;0
65987;4003;1;1;0;0;7;0;1;1;0;8;6;1;1;0;0
65988;4004;1;1;0;1;8;2;0;1;1;4;5;2;0;0;0
65989;4004;0;0;0;0;7;1;1;0;1;4;7;2;1;0;0
65990;4005;0;1;1;0;10;2;1;0;0;5;5;2;0;0;0
65991;4005;0;0;1;0;6;2;1;1;0;7;6;2;1;0;0
66016;4031;1;1;1;1;5;1;0;1;0;5;5;1;0;0;0
66017;4031;1;1;1;1;5;1;0;1;0;5;5;1;1;0;0
66018;4032;1;0;1;1;3;0;1;1;0;4;4;1;0;0;0
66019;4032;1;0;1;1;3;0;0;1;0;4;4;1;1;0;0
66020;4033;0;1;1;0;4;2;0;1;0;7;7;2;0;0;0
66021;4033;1;1;1;0;7;2;0;1;1;7;7;2;1;0;0
66022;4034;1;1;0;0;6;1;0;1;0;5;6;1;0;0;0
66023;4034;1;1;0;0;6;1;0;1;0;7;4;1;1;0;0
66024;4035;1;1;0;0;8;1;0;0;0;6;7;1;0;0;0
66025;4035;1;1;0;1;7;1;0;1;0;6;7;1;1;0;0
66026;4036;0;1;0;1;6;2;0;0;1;5;5;1;0;0;0
66027;4036;0;0;0;0;6;2;1;0;1;6;7;2;1;0;0
66028;4037;1;0;1;0;5;2;1;0;0;7;6;1;0;0;0
66029;4037;0;1;1;0;4;0;1;0;0;3;6;2;1;0;0
66030;4038;1;1;0;0;6;2;1;1;0;8;6;2;0;0;0
66031;4038;1;1;0;0;7;2;1;1;0;7;6;2;1;0;0
66034;4040;1;1;1;0;5;1;1;1;0;7;6;1;0;0;0
66035;4040;1;1;0;0;7;1;1;1;0;4;8;2;1;0;0
66036;4041;1;1;0;0;4;1;0;1;0;6;6;1;0;0;0
66037;4041;1;1;1;0;4;0;0;0;1;5;5;1;1;0;0
66038;4042;1;1;0;1;6;1;0;1;1;5;8;1;0;0;0
66039;4042;0;1;0;1;5;1;0;1;1;5;8;1;1;0;0
66040;4043;1;1;0;1;8;2;0;1;1;6;8;1;0;0;0
66041;4043;1;1;0;1;8;2;0;1;1;6;8;2;1;0;0
66042;4044;0;0;0;0;6;1;1;1;1;5;7;2;0;0;0
66043;4044;0;0;0;0;6;1;1;1;1;5;7;2;1;0;0
66044;4045;0;1;0;0;5;2;1;0;1;5;5;1;0;0;0
66045;4045;0;1;0;0;5;1;1;0;1;6;7;2;1;0;0
66046;4046;0;1;1;0;6;2;1;1;1;5;6;1;0;0;0
66047;4046;0;1;1;0;7;1;1;1;1;7;8;1;1;0;0
66050;4971;1;1;1;1;3;2;0;1;1;7;8;2;0;0;0
66051;4971;1;0;0;1;4;1;0;1;0;5;7;1;1;0;0
66052;2703;1;1;0;0;4;2;1;0;0;4;6;0;0;0;0
66053;2703;1;1;0;0;3;2;1;0;0;3;7;2;1;0;0
66054;2704;0;1;1;1;6;2;0;0;1;7;5;0;0;0;0
66055;2704;0;1;1;1;5;2;0;0;1;5;7;2;1;0;0
66056;5129;1;0;0;1;6;0;0;1;0;4;7;1;1;0;0
66057;5047;0;1;1;0;4;0;1;0;0;4;9;1;1;0;0
66061;5168;0;0;0;0;5;1;0;0;1;5;5;1;0;0;0
66062;5168;0;0;0;0;5;1;0;0;1;5;5;1;1;0;0
66065;5170;0;0;0;0;5;1;0;0;1;5;5;1;0;0;0
66066;5170;0;0;0;0;5;1;0;0;1;5;5;1;1;0;0
66067;5171;0;0;0;0;5;1;0;0;1;5;5;1;0;0;0
66068;5171;0;0;0;0;5;1;0;0;1;5;5;1;1;0;0
66069;5173;0;0;0;0;5;1;0;0;1;5;5;1;0;0;0
66070;5173;0;0;0;0;5;1;0;0;1;5;5;1;1;0;0
66071;5174;0;0;0;0;5;1;0;0;1;5;5;1;0;0;0
66072;5174;0;0;0;0;5;1;0;0;1;5;5;1;1;0;0
66073;5175;0;0;0;0;5;1;0;0;1;5;5;1;0;0;0
66074;5175;0;0;0;0;5;1;0;0;1;5;5;1;1;0;0
66075;5190;0;0;1;1;5;0;1;1;1;4;7;2;0;32;0
66076;5190;0;0;0;0;5;1;1;0;1;3;8;1;1;32;0
66077;5191;0;0;1;1;7;2;0;1;0;7;9;1;0;32;0
66078;5191;0;0;0;0;8;1;1;0;1;6;10;1;1;32;0
66079;5192;0;0;1;1;5;0;1;0;1;2;7;2;0;39;0
66080;5192;0;0;0;0;6;1;1;0;1;1;8;2;1;39;0
66081;5193;0;0;0;0;5;1;0;0;1;5;5;1;0;0;0
66082;5193;0;0;0;0;5;1;0;0;1;5;5;1;1;0;0
66083;5194;1;1;1;1;4;0;1;0;1;3;4;2;0;32;0
66084;5194;0;0;0;0;5;1;1;0;1;2;5;1;1;32;0
66085;5195;0;0;0;0;5;1;0;0;1;5;5;1;0;0;0
66086;5195;0;0;0;0;5;1;0;0;1;5;5;1;1;0;0
66087;5196;0;0;1;1;7;0;1;0;1;4;7;2;0;53;0
66088;5196;0;0;1;1;8;0;1;0;1;3;8;2;1;53;0
66089;5197;0;1;0;0;5;0;1;0;1;3;9;1;0;17;0
66090;5197;0;1;0;0;6;0;1;0;1;2;10;1;1;17;0
66095;5200;0;0;0;0;9;0;1;0;0;2;9;1;0;16;0
66096;5200;0;0;0;0;10;0;1;0;0;1;10;1;1;16;0
66097;5201;0;0;0;1;7;0;1;0;0;1;9;2;0;23;0
66098;5201;0;0;0;1;8;0;1;0;0;1;10;2;1;23;0
66099;5202;0;0;0;0;6;0;0;1;1;5;9;1;0;25;0
66100;5202;0;0;0;0;7;0;0;1;1;4;10;1;1;25;0
66101;5203;0;0;0;1;7;0;1;1;1;5;6;1;0;39;0
66102;5203;0;0;0;1;8;0;1;1;1;4;7;1;1;39;0
66103;5204;1;1;1;0;4;0;1;1;1;6;6;2;0;36;0
66104;5204;1;1;1;0;5;0;1;0;1;5;7;2;1;36;0
66107;5206;1;1;1;1;6;0;1;1;0;7;3;1;0;16;0
66108;5206;1;1;1;1;6;0;1;0;0;6;4;1;1;16;0
66109;5207;0;1;1;0;3;1;0;0;0;5;9;0;0;25;0
66110;5207;0;1;1;0;4;1;0;0;0;4;10;0;1;25;0
66111;5208;0;1;0;1;3;1;0;0;1;7;3;2;0;53;0
66112;5208;0;1;0;1;4;1;0;0;1;6;4;2;1;53;0
66113;5210;0;0;1;0;9;1;1;1;0;4;5;1;0;33;0
66114;5210;0;0;1;0;10;1;1;1;0;3;6;1;1;33;0
66117;5223;0;0;0;0;5;1;0;0;1;5;5;1;0;0;0
66118;5223;0;0;0;0;5;1;0;0;1;5;5;1;1;0;0
66119;5224;0;0;0;0;5;1;0;0;1;5;5;1;0;0;0
66120;5224;0;0;0;0;5;1;0;0;1;5;5;1;1;0;0
66121;5225;0;0;0;0;5;1;0;0;1;5;5;1;0;0;0
66122;5225;0;0;0;0;5;1;0;0;1;5;5;1;1;0;0
66123;5226;0;0;1;0;7;1;1;1;0;5;9;2;0;32;0
66124;5226;0;0;1;0;8;1;1;1;0;4;10;2;1;32;0
66125;5312;0;0;0;0;5;1;0;0;1;5;5;1;0;0;0
66126;5312;0;0;0;0;5;1;0;0;1;5;5;1;1;0;0
66131;5381;1;0;0;1;10;0;0;0;1;4;4;0;0;0;0
66132;5381;1;0;0;1;10;0;0;0;1;4;4;0;1;0;0
66133;5389;1;1;1;1;4;1;0;1;0;5;4;1;0;0;0
66134;5389;0;0;0;0;6;1;1;0;1;5;6;1;1;0;0
66157;5346;0;0;0;0;5;1;0;0;1;5;5;1;0;0;0
66158;5346;0;0;0;0;5;1;0;0;1;5;5;1;1;0;0
66163;5235;1;1;0;1;8;1;0;1;1;6;7;1;0;16;0
66164;5235;1;1;0;1;9;1;0;1;1;4;8;1;1;16;0
66167;5237;1;1;0;1;8;1;0;1;1;5;8;1;0;39;0
66168;5237;1;1;0;1;9;1;0;1;1;3;9;1;1;39;0
66169;5301;0;0;0;0;5;1;0;0;1;5;5;1;0;0;0
66170;5301;0;0;0;0;5;1;0;0;1;5;5;1;1;0;0
66171;5306;0;0;0;0;5;1;0;0;1;5;5;1;0;0;0
66172;5306;0;0;0;0;5;1;0;0;1;5;5;1;1;0;0
66175;5319;0;0;1;0;9;1;0;1;0;6;9;1;0;17;0
66176;5319;0;0;1;0;10;1;0;1;0;5;10;1;1;18;0
66179;5353;0;0;0;0;5;1;0;0;1;5;5;1;0;0;0
66180;5353;0;0;0;0;5;1;0;0;1;5;5;1;1;0;0
66181;5354;0;0;1;0;4;0;1;1;1;1;5;2;0;32;0
66182;5354;0;0;1;0;5;0;1;1;1;1;6;2;1;32;0
66183;5356;0;0;1;0;9;0;1;1;1;8;7;1;0;39;0
66184;5356;0;0;1;0;7;0;1;1;1;6;8;1;1;39;0
66185;5360;0;0;0;0;5;1;0;0;1;5;5;1;0;0;0
66186;5360;0;0;0;0;5;1;0;0;1;5;5;1;1;0;0
66251;5394;1;1;0;1;5;2;0;1;0;4;2;0;0;7;0
66252;5394;1;1;1;1;6;2;0;1;0;3;3;1;1;7;0
66253;5395;1;1;0;0;2;1;0;1;0;8;7;0;0;55;0
66254;5395;0;1;0;0;3;1;0;0;1;7;8;1;1;55;0
66257;5397;0;0;1;0;3;0;1;1;1;2;6;1;0;32;0
66258;5397;1;1;1;1;4;1;0;1;0;1;7;1;1;32;0
66261;5399;1;1;1;1;7;0;1;0;0;4;7;2;0;6;0
66262;5399;0;0;0;0;8;1;1;0;1;3;8;2;1;6;0
66263;5400;0;1;0;1;5;0;1;1;1;1;4;1;0;23;0
66264;5400;0;0;1;0;6;0;1;0;0;1;5;2;1;23;0
66265;5401;1;1;1;1;1;2;0;1;0;8;6;1;0;54;0
66266;5401;1;1;0;1;2;2;0;1;0;7;7;1;1;54;0
66267;5402;1;1;1;0;3;1;1;1;0;6;7;0;0;38;0
66268;5402;1;1;1;1;4;2;0;1;0;5;8;1;1;38;0
66269;5403;1;1;1;1;7;2;1;1;1;5;1;1;0;32;0
66270;5403;0;1;0;0;8;1;1;0;1;4;2;2;1;32;0
66271;5404;0;0;0;0;5;1;0;0;1;5;5;1;0;0;0
66272;5404;0;0;0;0;5;1;0;0;1;5;5;1;1;0;0
66273;5405;0;0;1;0;8;1;1;1;0;3;9;1;0;33;0
66274;5405;0;1;0;0;9;2;0;0;1;2;10;1;1;33;0
66291;5414;1;1;1;1;4;1;0;1;0;5;4;1;0;0;0
66292;5414;0;0;0;0;6;1;1;0;1;5;6;1;1;0;0
66295;5416;0;0;0;0;5;1;0;0;1;5;5;1;0;0;0
66296;5416;0;0;0;0;5;1;0;0;1;5;5;1;1;0;0
66303;5420;0;0;0;0;5;1;0;0;1;5;5;1;0;0;0
66304;5420;0;0;0;0;5;1;0;0;1;5;5;1;1;0;0
66329;5433;0;0;1;0;7;1;1;0;0;5;7;0;0;0;0
66330;5433;0;0;1;0;8;1;1;0;0;4;8;0;1;0;0
66341;5439;0;0;1;0;10;0;1;0;1;2;1;2;0;39;0
66342;5439;0;0;1;0;10;0;1;0;1;1;1;2;1;39;0
66343;5440;0;0;1;0;6;1;1;1;1;4;9;2;0;16;0
66344;5440;0;0;1;0;8;0;1;1;1;2;9;2;1;16;0
66407;5572;0;1;0;1;4;0;1;0;1;6;4;2;0;33;0
66408;5572;0;1;0;1;5;0;1;0;1;5;5;2;1;33;0
66465;5601;1;1;1;1;4;1;0;1;0;5;4;1;0;0;0
66466;5601;0;0;0;0;6;1;1;0;1;5;6;1;1;0;0
66471;5139;0;0;0;0;5;1;0;0;1;5;5;1;0;0;0
66472;5139;0;0;0;0;5;1;0;0;1;5;5;1;1;0;0
66477;5127;0;0;0;0;5;1;0;0;1;5;5;1;0;0;0
66478;5127;0;0;0;0;5;1;0;0;1;5;5;1;1;0;0
66479;5184;0;0;0;0;5;1;0;0;1;5;5;1;0;0;0
66480;5184;0;0;0;0;5;1;0;0;1;5;5;1;1;0;0
66485;5048;0;1;1;0;7;1;1;0;0;6;3;1;0;0;0
66486;5048;0;1;1;0;8;1;1;0;0;5;4;1;1;0;0
66487;5141;0;0;0;0;7;0;1;1;1;1;5;2;0;32;0
66488;5141;0;0;0;0;8;0;1;1;1;1;6;2;1;32;0
66489;5142;0;0;0;0;3;1;0;1;0;8;6;1;0;2;0
66490;5142;0;0;0;0;4;1;0;1;0;7;7;1;1;2;0
66491;5143;1;0;1;1;10;1;1;0;1;4;2;1;0;0;0
66492;5143;1;0;1;1;10;1;1;0;1;3;3;1;1;0;0
66493;5216;1;0;0;0;8;1;1;1;0;4;7;1;0;23;0
66494;5216;0;0;0;1;9;1;1;1;0;3;8;1;1;23;0
66503;5454;0;1;0;0;5;0;1;0;1;5;5;1;0;0;0
66504;5454;0;1;0;0;6;0;1;0;1;4;6;1;1;0;0
66505;5296;0;0;1;0;8;1;1;0;0;3;7;2;0;17;0
66506;5296;0;0;1;0;9;1;1;0;0;2;8;2;1;17;0
66507;5300;0;1;0;0;6;1;1;0;1;4;7;2;0;17;0
66508;5300;0;1;0;0;6;0;1;0;1;3;8;2;1;17;0
66511;5028;1;1;1;1;5;2;1;0;0;4;3;1;0;34;0
66512;5355;0;0;0;0;5;1;0;0;1;5;5;1;0;0;0
66513;5028;0;0;1;0;6;2;1;0;1;3;4;1;1;34;0
66514;5355;0;0;0;0;5;1;0;0;1;5;5;1;1;0;0
66613;5652;0;0;1;0;5;0;1;0;1;6;6;2;0;23;0
66614;5652;0;0;1;0;6;0;1;0;1;5;7;2;1;20;0
66629;5137;1;1;1;0;9;1;1;0;0;5;1;1;0;0;0
66630;5137;1;1;1;0;10;1;1;0;0;4;2;1;1;0;0
66631;5140;0;0;0;0;8;0;1;0;0;2;8;0;0;32;0
66632;5140;0;0;0;0;9;0;1;0;0;1;9;0;1;32;0
66633;5660;1;1;1;1;4;1;0;1;0;5;4;1;0;0;0
66634;5660;0;0;0;0;6;1;1;0;1;5;6;1;1;0;0
66655;5671;1;1;1;1;4;1;0;1;0;5;4;1;0;0;0
66656;5671;0;0;0;0;6;1;1;0;1;5;6;1;1;0;0
66667;5099;0;0;1;0;9;1;1;1;1;4;4;1;0;23;0
66668;5302;0;0;0;0;5;1;0;0;1;5;5;1;0;0;0
66669;5302;0;0;0;0;5;1;0;0;1;5;5;1;1;0;0
66670;5298;0;0;1;0;10;1;1;0;1;2;10;1;0;5;0
66671;5298;0;0;1;0;10;1;1;0;1;1;10;1;1;5;0
66678;5217;1;1;1;1;5;1;1;1;0;4;7;2;0;39;0
66679;5217;0;0;0;0;6;1;1;0;1;3;8;2;1;39;0
66682;5370;0;0;1;0;5;1;0;0;0;7;5;2;0;48;0
66683;5370;0;0;1;0;6;1;0;0;0;6;6;2;1;48;0
66688;5096;0;0;0;0;5;1;0;0;1;5;5;1;0;0;0
66689;5096;0;0;0;0;5;1;0;0;1;5;5;1;1;0;0
66694;5099;0;0;1;0;10;1;1;1;1;2;5;1;1;23;0
66697;5452;1;0;0;1;6;0;1;1;1;3;7;1;0;20;0
66698;5452;1;0;0;1;7;0;1;1;1;2;8;1;1;20;0
66699;5348;0;0;1;0;6;1;1;1;1;5;5;1;0;36;0
66700;5451;0;0;1;0;5;0;1;1;1;5;8;1;0;23;0
66701;5348;0;0;1;0;7;1;1;1;1;4;6;1;1;20;0
66702;5451;0;0;1;0;6;0;1;1;1;4;9;1;1;20;0
66717;5684;1;1;1;1;4;1;0;1;0;5;4;1;0;0;0
66718;5684;0;0;0;0;6;1;1;0;1;5;6;1;1;0;0
66969;5115;0;1;0;0;1;1;1;1;1;1;1;1;1;1;0
66970;5115;0;1;0;0;1;1;0;1;0;1;1;1;0;1;0
66971;5220;0;1;0;0;5;2;0;1;0;5;5;1;0;0;0
66972;5220;0;1;0;0;5;1;1;1;0;5;5;1;1;0;0
66973;5145;0;1;0;0;1;1;1;1;1;1;1;1;1;0;0
66974;5145;0;1;0;0;1;1;0;1;0;1;1;1;0;0;0
66975;5357;0;0;1;0;5;1;0;1;0;5;5;1;0;0;0
66976;5357;0;0;1;0;5;1;0;1;0;5;5;1;1;0;0
1073748976;69710;1;1;1;1;6;2;0;0;1;6;6;2;0;49;0
1073748977;69710;0;0;0;0;5;2;1;0;0;7;4;2;1;49;0
1073749010;65815;0;0;1;0;4;2;1;0;0;3;9;2;1;33;0
1073749011;65815;1;1;1;1;10;2;0;0;1;7;5;2;0;33;0
1073749012;65818;0;0;0;0;4;0;1;0;0;7;8;2;1;0;0
1073749013;65818;1;1;0;1;5;2;0;0;0;5;4;2;0;0;0
1073749014;65846;1;1;1;1;4;2;0;0;1;6;6;1;1;33;0
1073749015;65846;1;1;1;1;4;2;0;0;1;6;6;1;0;33;0
1073749020;65831;1;1;1;1;3;2;0;1;0;6;6;1;0;33;0
1073749021;65831;1;1;1;1;3;2;0;1;0;6;6;1;1;33;0
1073749034;68113;0;0;0;1;6;2;1;0;0;7;6;2;1;53;0
1073749035;68113;1;1;1;0;8;2;0;1;0;7;6;2;0;53;0
1073749459;67112;0;1;1;1;7;2;0;1;1;5;4;2;0;39;0
1073749460;67112;0;1;1;0;7;2;0;1;1;5;4;2;1;39;0
1073749461;66877;0;1;1;0;5;2;0;0;1;7;6;2;0;0;0
1073749462;66877;0;1;1;0;5;0;0;0;1;7;6;2;1;0;0
1073749479;69703;0;1;0;1;7;2;0;1;0;8;6;2;0;23;0
1073749480;69703;0;1;0;1;7;2;0;1;0;8;6;2;1;23;0
1073749513;67025;0;1;0;0;5;2;1;1;0;5;5;2;0;49;0
1073749516;67025;0;0;0;0;7;0;1;1;0;5;5;2;1;49;0
1073749519;69709;0;1;1;0;7;2;1;0;1;4;6;2;0;17;0
1073749520;69709;0;1;1;0;8;2;1;0;1;4;7;2;1;17;0
1073749527;69712;1;1;1;0;4;2;0;1;0;5;5;2;0;0;0
1073749528;69712;1;1;1;0;4;2;0;1;0;6;6;2;1;0;0
1073749529;68103;1;1;1;0;6;2;0;1;0;5;5;2;0;49;0
1073749530;68103;0;1;0;1;5;2;1;1;1;6;6;2;1;49;0
1073749533;66871;0;1;1;1;5;1;0;1;0;6;3;1;0;23;0
1073749534;66871;1;0;1;1;5;0;0;1;1;4;5;2;1;23;0
1073749799;65813;0;0;0;0;5;1;1;1;1;5;5;2;0;0;0
1073749800;65813;0;0;1;0;5;1;1;1;1;6;5;2;1;0;0
1073749808;66885;1;1;1;0;5;1;1;0;0;7;6;2;0;17;0
1073749809;66885;1;1;1;0;5;1;1;0;0;5;8;2;1;17;0
1073749812;70487;0;1;0;1;4;2;1;0;1;4;5;2;0;17;0
1073749813;70487;0;1;1;1;5;2;1;1;1;5;5;2;1;17;0
1073749846;66895;1;0;1;0;3;2;1;0;1;2;2;1;0;23;0
1073749847;66895;1;1;1;1;2;1;1;0;1;2;3;1;1;23;0
1073749934;65686;0;0;0;0;7;0;0;1;0;4;9;2;0;0;0
1073749935;65686;0;0;0;0;7;0;0;1;0;3;9;2;1;0;0
1073749938;65688;1;1;0;0;3;2;1;1;0;10;7;2;0;3;0
1073749939;65688;1;1;0;0;3;2;1;1;0;10;7;2;1;3;0
1073749948;65694;1;1;1;1;3;2;1;1;1;6;1;1;0;6;0
1073749949;65694;1;1;1;1;3;1;1;1;1;5;1;1;1;6;0
1073750563;68116;0;0;0;0;1;1;0;0;0;1;1;1;0;0;0
1073750564;68116;0;0;0;0;1;1;0;0;0;1;1;1;1;0;0
1073750720;69630;1;1;0;1;3;2;0;1;0;7;7;1;0;34;0
1073750721;69630;1;1;0;1;3;2;0;1;0;7;7;1;1;34;0
1073750850;69706;0;0;0;0;1;1;0;0;0;1;1;1;0;0;0
1073750851;69706;0;0;0;0;1;1;0;0;0;1;1;1;1;0;0
1073751318;70484;0;0;0;0;1;1;0;0;0;1;1;1;0;17;0
1073751319;70484;0;0;0;0;1;1;0;0;0;1;1;1;1;17;0
1073751324;70489;0;0;0;0;1;1;0;0;0;1;1;1;0;37;0
1073751325;70489;0;0;0;0;1;1;0;0;0;1;1;1;1;37;0
1073751627;70709;1;1;1;1;5;1;1;1;1;4;6;2;0;39;0
1073751628;70709;1;1;1;1;6;1;1;1;1;4;7;1;1;39;0
1073751811;70931;1;1;1;1;4;2;0;1;0;6;6;1;0;32;0
1073751812;70931;0;1;0;0;5;1;0;0;1;5;6;1;1;32;0
1073752039;67114;0;1;0;0;6;1;1;0;1;7;6;1;0;39;0
1073752040;67114;0;0;0;1;8;1;1;1;0;2;8;1;1;39;0
1073752199;71200;1;1;1;1;4;1;0;1;0;5;4;1;0;0;0
1073752200;71200;0;0;0;0;6;1;1;0;1;5;6;1;1;0;0
1073752209;71205;1;1;1;1;4;1;0;1;0;5;4;1;0;0;0
1073752210;71205;0;0;0;0;6;1;1;0;1;5;6;1;1;0;0
1073752223;71212;1;1;1;1;4;1;0;1;0;5;4;1;0;0;0
1073752224;71212;0;0;0;0;6;1;1;0;1;5;6;1;1;0;0
